date,value
2007/6/30,1.11
2007/7/1,1.18
2007/7/2,1.05
2007/7/3,1.03
2007/7/4,1.05
2007/7/5,1.05
2007/7/6,1.04
2007/7/7,1.02
2007/7/8,1.01
2007/7/9,1.04
2007/7/10,1.04
2007/7/11,1.02
2007/7/12,1.01
2007/7/13,1.01
2007/7/14,1
2007/7/15,0.99
2007/7/16,0.992
2007/7/17,0.991
2007/7/18,0.958
2007/7/19,0.963
2007/7/20,1.03
2007/7/21,1.1
2007/7/22,1.09
2007/7/23,1.05
2007/7/24,1.06
2007/7/25,1.07
2007/7/26,1.01
2007/7/27,1.07
2007/7/28,1.05
2007/7/29,1.07
2007/7/30,1.05
2007/7/31,1.02
2007/8/1,0.992
2007/8/2,1
2007/8/3,0.987
2007/8/4,0.983
2007/8/5,0.971
2007/8/6,0.978
2007/8/7,0.985
2007/8/8,0.969
2007/8/9,0.961
2007/8/10,0.953
2007/8/11,0.942
2007/8/12,0.947
2007/8/13,0.947
2007/8/14,0.982
2007/8/15,1.03
2007/8/16,1.01
2007/8/17,0.979
2007/8/18,0.972
2007/8/19,0.975
2007/8/20,0.958
2007/8/21,0.944
2007/8/22,0.907
2007/8/23,0.881
2007/8/24,0.87
2007/8/25,0.854
2007/8/26,0.889
2007/8/27,0.883
2007/8/28,0.889
2007/8/29,0.88
2007/8/30,0.88
2007/8/31,0.873
2007/9/1,0.866
2007/9/2,0.858
2007/9/3,0.854
2007/9/4,0.852
2007/9/5,0.841
2007/9/6,0.836
2007/9/7,0.821
2007/9/8,0.8
2007/9/9,0.785
2007/9/10,0.789
2007/9/11,0.788
2007/9/12,0.787
2007/9/13,0.791
2007/9/14,0.786
2007/9/15,0.78
2007/9/16,0.793
2007/9/17,0.792
2007/9/18,0.802
2007/9/19,0.797
2007/9/20,0.797
2007/9/21,0.791
2007/9/22,0.786
2007/9/23,0.787
2007/9/24,0.832
2007/9/25,0.818
2007/9/26,0.805
2007/9/27,0.807
2007/9/28,0.798
2007/9/29,0.807
2007/9/30,0.802
2007/10/1,0.802
2007/10/2,0.798
2007/10/3,0.786
2007/10/4,0.779
2007/10/5,0.765
2007/10/6,0.757
2007/10/7,0.759
2007/10/8,0.753
2007/10/9,0.777
2007/10/10,0.793
2007/10/11,0.768
2007/10/12,0.762
2007/10/13,0.747
2007/10/14,0.744
2007/10/15,0.744
2007/10/16,0.761
2007/10/17,0.735
2007/10/18,0.753
2007/10/19,0.749
2007/10/20,0.745
2007/10/21,0.747
2007/10/22,0.704
2007/10/23,0.727
2007/10/24,0.724
2007/10/25,0.731
2007/10/26,0.729
2007/10/27,0.715
2007/10/28,0.73
2007/10/29,0.737
2007/10/30,0.694
2007/10/31,0.701
2007/11/1,0.693
2007/11/2,0.68
2007/11/3,0.668
2007/11/4,0.659
2007/11/5,0.665
2007/11/6,0.719
2007/11/7,0.716
2007/11/8,0.723
2007/11/9,0.721
2007/11/10,0.737
2007/11/11,0.743
2007/11/12,0.755
2007/11/13,0.76
2007/11/14,0.756
2007/11/15,0.758
2007/11/16,0.742
2007/11/17,0.768
2007/11/18,0.944
2007/11/19,1.06
2007/11/20,1.06
2007/11/21,1.15
2007/11/22,1.21
2007/11/23,0.936
2007/11/24,0.883
2007/11/25,0.844
2007/11/26,0.819
2007/11/27,0.794
2007/11/28,0.777
2007/11/29,0.766
2007/11/30,0.833
2007/12/1,0.99
2007/12/2,1.05
2007/12/3,0.943
2007/12/4,0.813
2007/12/5,0.897
2007/12/6,0.969
2007/12/7,0.916
2007/12/8,1.24
2007/12/9,1.07
2007/12/10,0.951
2007/12/11,0.917
2007/12/12,0.901
2007/12/13,0.904
2007/12/14,0.897
2007/12/15,0.886
2007/12/16,0.886
2007/12/17,0.881
2007/12/18,0.885
2007/12/19,0.883
2007/12/20,0.878
2007/12/21,0.867
2007/12/22,0.876
2007/12/23,0.859
2007/12/24,0.866
2007/12/25,0.982
2007/12/26,0.927
2007/12/27,0.903
2007/12/28,0.935
2007/12/29,1.04
2007/12/30,0.929
2007/12/31,0.908
2008/1/1,0.907
2008/1/2,0.879
2008/1/3,0.908
2008/1/4,0.92
2008/1/5,1.04
2008/1/6,0.951
2008/1/7,0.929
2008/1/8,1.01
2008/1/9,1.05
2008/1/10,0.987
2008/1/11,1.31
2008/1/12,1.21
2008/1/13,1.27
2008/1/14,1.27
2008/1/15,2.13
2008/1/16,1.42
2008/1/17,1.35
2008/1/18,1.32
2008/1/19,1.29
2008/1/20,1.15
2008/1/21,1.12
2008/1/22,1.11
2008/1/23,1.09
2008/1/24,1.08
2008/1/25,1.06
2008/1/26,1.06
2008/1/27,1.04
2008/1/28,1.03
2008/1/29,1.02
2008/1/30,1.03
2008/1/31,1.03
2008/2/1,1.04
2008/2/2,1.02
2008/2/3,1.01
2008/2/4,1.07
2008/2/5,1.22
2008/2/6,1.12
2008/2/7,1.08
2008/2/8,1.05
2008/2/9,1.05
2008/2/10,1.03
2008/2/11,1
2008/2/12,1.02
2008/2/13,0.997
2008/2/14,0.984
2008/2/15,0.976
2008/2/16,0.959
2008/2/17,0.952
2008/2/18,0.946
2008/2/19,0.986
2008/2/20,0.996
2008/2/21,0.989
2008/2/22,0.971
2008/2/23,0.962
2008/2/24,0.965
2008/2/25,0.963
2008/2/26,0.99
2008/2/27,0.96
2008/2/28,0.946
2008/2/29,0.905
2008/3/1,0.905
2008/3/2,0.881
2008/3/3,0.89
2008/3/4,0.87
2008/3/5,0.858
2008/3/6,0.859
2008/3/7,0.823
2008/3/8,0.863
2008/3/9,0.899
2008/3/10,1.24
2008/3/11,1.07
2008/3/12,0.992
2008/3/13,0.966
2008/3/14,0.945
2008/3/15,0.958
2008/3/16,1.67
2008/3/17,1.16
2008/3/18,1.03
2008/3/19,0.968
2008/3/20,0.942
2008/3/21,0.941
2008/3/22,0.918
2008/3/23,0.915
2008/3/24,0.9
2008/3/25,0.884
2008/3/26,0.894
2008/3/27,0.89
2008/3/28,0.943
2008/3/29,0.96
2008/3/30,0.989
2008/3/31,0.956
2008/4/1,0.925
2008/4/2,0.907
2008/4/3,0.894
2008/4/4,0.862
2008/4/5,0.889
2008/4/6,0.919
2008/4/7,0.916
2008/4/8,0.904
2008/4/9,0.896
2008/4/10,0.892
2008/4/11,0.887
2008/4/12,0.89
2008/4/13,0.905
2008/4/14,0.891
2008/4/15,0.877
2008/4/16,0.865
2008/4/17,0.861
2008/4/18,0.843
2008/4/19,0.876
2008/4/20,0.856
2008/4/21,0.869
2008/4/22,0.859
2008/4/23,0.856
2008/4/24,0.861
2008/4/25,0.852
2008/4/26,0.835
2008/4/27,0.842
2008/4/28,0.844
2008/4/29,0.973
2008/4/30,1.06
2008/5/1,1.03
2008/5/2,0.938
2008/5/3,0.898
2008/5/4,0.875
2008/5/5,0.904
2008/5/6,0.876
2008/5/7,0.877
2008/5/8,0.858
2008/5/9,0.859
2008/5/10,0.849
2008/5/11,0.849
2008/5/12,0.842
2008/5/13,0.833
2008/5/14,0.831
2008/5/15,0.845
2008/5/16,0.839
2008/5/17,0.827
2008/5/18,0.819
2008/5/19,0.815
2008/5/20,0.824
2008/5/21,0.815
2008/5/22,0.814
2008/5/23,0.821
2008/5/24,0.814
2008/5/25,0.899
2008/5/26,1.54
2008/5/27,1.26
2008/5/28,1.09
2008/5/29,1.32
2008/5/30,1.22
2008/5/31,1.11
2008/6/1,1.06
2008/6/2,1.08
2008/6/3,5.37
2008/6/4,2.02
2008/6/5,1.33
2008/6/6,1.27
2008/6/7,1.12
2008/6/8,1.08
2008/6/9,1.06
2008/6/10,1.05
2008/6/11,1.04
2008/6/12,1.06
2008/6/13,1.07
2008/6/14,1.06
2008/6/15,1.05
2008/6/16,1.06
2008/6/17,1.05
2008/6/18,1.05
2008/6/19,1.04
2008/6/20,1.05
2008/6/21,1.1
2008/6/22,1.08
2008/6/23,1.09
2008/6/24,1.07
2008/6/25,1.06
2008/6/26,1.04
2008/6/27,1.04
2008/6/28,1.02
2008/6/29,1.02
2008/6/30,1.02
2008/7/1,1.02
2008/7/2,1.03
2008/7/3,1.03
2008/7/4,1.03
2008/7/5,1.02
2008/7/6,1.05
2008/7/7,1.06
2008/7/8,1.05
2008/7/9,1.1
2008/7/10,1.3
2008/7/11,1.19
2008/7/12,1.14
2008/7/13,1.1
2008/7/14,1.06
2008/7/15,1.05
2008/7/16,1.03
2008/7/17,1.03
2008/7/18,1.03
2008/7/19,1.01
2008/7/20,0.996
2008/7/21,0.975
2008/7/22,0.952
2008/7/23,0.926
2008/7/24,0.93
2008/7/25,0.908
2008/7/26,0.892
2008/7/27,0.875
2008/7/28,0.873
2008/7/29,0.886
2008/7/30,0.868
2008/7/31,0.905
2008/8/1,0.941
2008/8/2,0.925
2008/8/3,0.93
2008/8/4,0.921
2008/8/5,0.949
2008/8/6,0.928
2008/8/7,0.869
2008/8/8,0.85
2008/8/9,0.924
2008/8/10,0.928
2008/8/11,0.902
2008/8/12,0.917
2008/8/13,0.914
2008/8/14,0.892
2008/8/15,0.883
2008/8/16,0.873
2008/8/17,0.875
2008/8/18,0.89
2008/8/19,0.888
2008/8/20,0.862
2008/8/21,0.84
2008/8/22,0.84
2008/8/23,0.841
2008/8/24,0.854
2008/8/25,0.854
2008/8/26,0.853
2008/8/27,0.841
2008/8/28,0.807
2008/8/29,0.797
2008/8/30,0.792
2008/8/31,0.809
2008/9/1,0.835
2008/9/2,0.897
2008/9/3,0.859
2008/9/4,0.855
2008/9/5,0.86
2008/9/6,0.986
2008/9/7,0.976
2008/9/8,0.933
2008/9/9,0.929
2008/9/10,0.935
2008/9/11,0.903
2008/9/12,0.912
2008/9/13,0.94
2008/9/14,0.913
2008/9/15,0.893
2008/9/16,0.877
2008/9/17,0.868
2008/9/18,0.862
2008/9/19,0.854
2008/9/20,0.845
2008/9/21,0.835
2008/9/22,0.819
2008/9/23,0.806
2008/9/24,0.807
2008/9/25,0.801
2008/9/26,0.798
2008/9/27,0.79
2008/9/28,0.784
2008/9/29,0.775
2008/9/30,0.777
2008/10/1,0.789
2008/10/2,0.784
2008/10/3,0.769
2008/10/4,0.764
2008/10/5,0.814
2008/10/6,0.83
2008/10/7,0.833
2008/10/8,0.82
2008/10/9,0.781
2008/10/10,0.756
2008/10/11,0.745
2008/10/12,0.732
2008/10/13,0.73
2008/10/14,0.748
2008/10/15,0.756
2008/10/16,0.743
2008/10/17,0.723
2008/10/18,0.717
2008/10/19,0.708
2008/10/20,0.744
2008/10/21,0.818
2008/10/22,0.772
2008/10/23,0.765
2008/10/24,0.729
2008/10/25,0.702
2008/10/26,0.714
2008/10/27,0.698
2008/10/28,0.67
2008/10/29,0.672
2008/10/30,0.677
2008/10/31,0.655
2008/11/1,0.672
2008/11/2,0.845
2008/11/3,0.71
2008/11/4,0.676
2008/11/5,0.663
2008/11/6,0.646
2008/11/7,0.647
2008/11/8,0.675
2008/11/9,0.715
2008/11/10,0.895
2008/11/11,0.994
2008/11/12,0.836
2008/11/13,0.843
2008/11/14,0.85
2008/11/15,0.836
2008/11/16,0.846
2008/11/17,0.885
2008/11/18,0.84
2008/11/19,0.779
2008/11/20,0.77
2008/11/21,0.763
2008/11/22,0.768
2008/11/23,0.773
2008/11/24,0.767
2008/11/25,0.752
2008/11/26,0.737
2008/11/27,0.737
2008/11/28,0.75
2008/11/29,0.741
2008/11/30,0.745
2008/12/1,0.754
2008/12/2,0.789
2008/12/3,0.805
2008/12/4,0.995
2008/12/5,0.861
2008/12/6,0.786
2008/12/7,0.766
2008/12/8,0.758
2008/12/9,0.779
2008/12/10,0.772
2008/12/11,0.767
2008/12/12,0.781
2008/12/13,1.47
2008/12/14,1.03
2008/12/15,0.939
2008/12/16,0.978
2008/12/17,0.958
2008/12/18,0.947
2008/12/19,0.891
2008/12/20,0.846
2008/12/21,0.815
2008/12/22,0.874
2008/12/23,0.872
2008/12/24,0.844
2008/12/25,0.823
2008/12/26,0.811
2008/12/27,0.809
2008/12/28,0.817
2008/12/29,0.812
2008/12/30,0.808
2008/12/31,0.791
2009/1/1,0.782
2009/1/2,0.803
2009/1/3,0.798
2009/1/4,0.79
2009/1/5,0.78
2009/1/6,0.786
2009/1/7,0.776
2009/1/8,0.76
2009/1/9,0.74
2009/1/10,0.725
2009/1/11,0.715
2009/1/12,0.746
2009/1/13,0.762
2009/1/14,0.837
2009/1/15,0.825
2009/1/16,0.797
2009/1/17,0.814
2009/1/18,1.05
2009/1/19,1.15
2009/1/20,0.936
2009/1/21,0.882
2009/1/22,1.05
2009/1/23,1.51
2009/1/24,1.2
2009/1/25,1.09
2009/1/26,1.12
2009/1/27,1.05
2009/1/28,1.03
2009/1/29,1.03
2009/1/30,0.994
2009/1/31,0.965
2009/2/1,0.941
2009/2/2,0.926
2009/2/3,0.924
2009/2/4,0.947
2009/2/5,0.925
2009/2/6,0.998
2009/2/7,1.07
2009/2/8,1.02
2009/2/9,3.76
2009/2/10,2.5
2009/2/11,1.42
2009/2/12,1.4
2009/2/13,1.26
2009/2/14,1.24
2009/2/15,1.22
2009/2/16,1.2
2009/2/17,1.18
2009/2/18,1.16
2009/2/19,1.14
2009/2/20,1.12
2009/2/21,1.11
2009/2/22,1.1
2009/2/23,1.09
2009/2/24,1.1
2009/2/25,1.09
2009/2/26,1.08
2009/2/27,1.09
2009/2/28,1.09
2009/3/1,1.07
2009/3/2,1.05
2009/3/3,1.08
2009/3/4,1.27
2009/3/5,1.29
2009/3/6,1.17
2009/3/7,1.11
2009/3/8,1.1
2009/3/9,1.07
2009/3/10,1.07
2009/3/11,1.03
2009/3/12,0.998
2009/3/13,0.983
2009/3/14,0.963
2009/3/15,0.935
2009/3/16,0.922
2009/3/17,0.904
2009/3/18,0.893
2009/3/19,0.878
2009/3/20,0.87
2009/3/21,0.857
2009/3/22,0.879
2009/3/23,0.9
2009/3/24,0.885
2009/3/25,0.877
2009/3/26,0.878
2009/3/27,0.877
2009/3/28,0.872
2009/3/29,0.86
2009/3/30,0.833
2009/3/31,0.816
2009/4/1,0.806
2009/4/2,0.795
2009/4/3,0.8
2009/4/4,0.791
2009/4/5,0.79
2009/4/6,0.795
2009/4/7,0.803
2009/4/8,0.817
2009/4/9,0.819
2009/4/10,0.826
2009/4/11,0.802
2009/4/12,0.811
2009/4/13,0.811
2009/4/14,0.807
2009/4/15,0.834
2009/4/16,0.786
2009/4/17,0.773
2009/4/18,0.758
2009/4/19,0.738
2009/4/20,0.729
2009/4/21,0.716
2009/4/22,0.714
2009/4/23,0.704
2009/4/24,0.7
2009/4/25,0.705
2009/4/26,0.744
2009/4/27,
2009/4/28,
2009/4/29,
2009/4/30,
2009/5/1,
2009/5/2,
2009/5/3,
2009/5/4,
2009/5/5,
2009/5/6,
2009/5/7,
2009/5/8,
2009/5/9,
2009/5/10,
2009/5/11,
2009/5/12,
2009/5/13,
2009/5/14,
2009/5/15,
2009/5/16,
2009/5/17,
2009/5/18,
2009/5/19,
2009/5/20,
2009/5/21,
2009/5/22,
2009/5/23,
2009/5/24,
2009/5/25,
2009/5/26,
2009/5/27,
2009/5/28,
2009/5/29,
2009/5/30,
2009/5/31,
2009/6/1,
2009/6/2,
2009/6/3,
2009/6/4,
2009/6/5,
2009/6/6,
2009/6/7,
2009/6/8,
2009/6/9,
2009/6/10,
2009/6/11,
2009/6/12,
2009/6/13,
2009/6/14,
2009/6/15,
2009/6/16,
2009/6/17,
2009/6/18,
2009/6/19,
2009/6/20,
2009/6/21,
2009/6/22,
2009/6/23,
2009/6/24,
2009/6/25,
2009/6/26,
2009/6/27,
2009/6/28,
2009/6/29,
2009/6/30,
2009/7/1,
2009/7/2,
2009/7/3,
2009/7/4,
2009/7/5,
2009/7/6,
2009/7/7,
2009/7/8,
2009/7/9,
2009/7/10,
2009/7/11,
2009/7/12,
2009/7/13,
2009/7/14,
2009/7/15,
2009/7/16,
2009/7/17,
2009/7/18,0.833
2009/7/19,0.824
2009/7/20,0.789
2009/7/21,0.773
2009/7/22,0.77
2009/7/23,0.755
2009/7/24,0.769
2009/7/25,0.756
2009/7/26,0.754
2009/7/27,0.775
2009/7/28,0.771
2009/7/29,0.784
2009/7/30,0.793
2009/7/31,0.769
2009/8/1,0.778
2009/8/2,0.771
2009/8/3,0.754
2009/8/4,0.768
2009/8/5,0.775
2009/8/6,0.823
2009/8/7,0.849
2009/8/8,0.811
2009/8/9,0.79
2009/8/10,0.784
2009/8/11,0.779
2009/8/12,0.79
2009/8/13,0.783
2009/8/14,0.772
2009/8/15,0.781
2009/8/16,0.781
2009/8/17,0.786
2009/8/18,0.783
2009/8/19,0.766
2009/8/20,0.746
2009/8/21,0.743
2009/8/22,0.741
2009/8/23,0.733
2009/8/24,0.73
2009/8/25,0.75
2009/8/26,0.752
2009/8/27,0.756
2009/8/28,0.737
2009/8/29,0.723
2009/8/30,0.747
2009/8/31,0.748
2009/9/1,0.748
2009/9/2,0.811
2009/9/3,0.842
2009/9/4,0.796
2009/9/5,0.778
2009/9/6,0.773
2009/9/7,0.765
2009/9/8,0.757
2009/9/9,0.756
2009/9/10,0.74
2009/9/11,0.732
2009/9/12,0.727
2009/9/13,0.726
2009/9/14,0.72
2009/9/15,0.759
2009/9/16,0.747
2009/9/17,0.731
2009/9/18,0.729
2009/9/19,0.721
2009/9/20,0.719
2009/9/21,0.714
2009/9/22,0.711
2009/9/23,0.715
2009/9/24,0.711
2009/9/25,0.713
2009/9/26,0.718
2009/9/27,0.711
2009/9/28,0.711
2009/9/29,0.706
2009/9/30,0.703
2009/10/1,0.699
2009/10/2,0.693
2009/10/3,0.69
2009/10/4,0.682
2009/10/5,0.707
2009/10/6,0.746
2009/10/7,0.804
2009/10/8,0.815
2009/10/9,0.764
2009/10/10,0.732
2009/10/11,0.716
2009/10/12,0.703
2009/10/13,0.692
2009/10/14,0.681
2009/10/15,0.682
2009/10/16,0.662
2009/10/17,0.66
2009/10/18,0.656
2009/10/19,0.658
2009/10/20,0.673
2009/10/21,0.687
2009/10/22,0.677
2009/10/23,0.674
2009/10/24,0.674
2009/10/25,0.667
2009/10/26,0.641
2009/10/27,0.64
2009/10/28,0.623
2009/10/29,0.617
2009/10/30,0.607
2009/10/31,0.566
2009/11/1,0.695
2009/11/2,0.694
2009/11/3,0.766
2009/11/4,0.79
2009/11/5,0.742
2009/11/6,0.723
2009/11/7,0.704
2009/11/8,0.719
2009/11/9,0.712
2009/11/10,0.715
2009/11/11,0.714
2009/11/12,0.775
2009/11/13,0.989
2009/11/14,1.09
2009/11/15,1.06
2009/11/16,1.02
2009/11/17,0.927
2009/11/18,0.86
2009/11/19,0.815
2009/11/20,0.796
2009/11/21,0.836
2009/11/22,0.941
2009/11/23,0.969
2009/11/24,0.948
2009/11/25,0.973
2009/11/26,1.07
2009/11/27,1.07
2009/11/28,1.04
2009/11/29,1.42
2009/11/30,1.25
2009/12/1,1.29
2009/12/2,1.85
2009/12/3,1.65
2009/12/4,1.35
2009/12/5,1.24
2009/12/6,1.26
2009/12/7,1.46
2009/12/8,1.31
2009/12/9,1.26
2009/12/10,1.25
2009/12/11,1.22
2009/12/12,1.19
2009/12/13,1.17
2009/12/14,1.14
2009/12/15,1.13
2009/12/16,1.12
2009/12/17,1.11
2009/12/18,1.03
2009/12/19,0.939
2009/12/20,0.912
2009/12/21,0.945
2009/12/22,0.994
2009/12/23,0.941
2009/12/24,0.965
2009/12/25,1.46
2009/12/26,1.4
2009/12/27,1.39
2009/12/28,1.37
2009/12/29,0.882
2009/12/30,0.778
2009/12/31,1.5
2010/1/1,1.65
2010/1/2,1.6
2010/1/3,1.56
2010/1/4,1.53
2010/1/5,1.51
2010/1/6,1.52
2010/1/7,1.48
2010/1/8,1.43
2010/1/9,1.41
2010/1/10,1.41
2010/1/11,1.41
2010/1/12,1.39
2010/1/13,1.37
2010/1/14,1.38
2010/1/15,1.38
2010/1/16,1.06
2010/1/17,1.58
2010/1/18,1.68
2010/1/19,1.82
2010/1/20,1.77
2010/1/21,1.84
2010/1/22,1.36
2010/1/23,1.8
2010/1/24,1.9
2010/1/25,1.9
2010/1/26,1.83
2010/1/27,1.79
2010/1/28,1.69
2010/1/29,1.7
2010/1/30,1.7
2010/1/31,1.68
2010/2/1,1.66
2010/2/2,1.66
2010/2/3,1.67
2010/2/4,1.68
2010/2/5,1.68
2010/2/6,1.63
2010/2/7,1.62
2010/2/8,1.63
2010/2/9,1.62
2010/2/10,1.6
2010/2/11,1.58
2010/2/12,1.56
2010/2/13,1.54
2010/2/14,1.55
2010/2/15,1.55
2010/2/16,1.63
2010/2/17,1.64
2010/2/18,1.62
2010/2/19,1.64
2010/2/20,1.6
2010/2/21,1.68
2010/2/22,1.64
2010/2/23,1.65
2010/2/24,1.63
2010/2/25,1.51
2010/2/26,1.7
2010/2/27,1.65
2010/2/28,1.35
2010/3/1,1.72
2010/3/2,1.73
2010/3/3,1.7
2010/3/4,1.67
2010/3/5,1.64
2010/3/6,1.64
2010/3/7,1.63
2010/3/8,1.62
2010/3/9,1.63
2010/3/10,1.61
2010/3/11,1.59
2010/3/12,1.6
2010/3/13,1.59
2010/3/14,1.6
2010/3/15,1.58
2010/3/16,1.57
2010/3/17,1.57
2010/3/18,1.56
2010/3/19,1.59
2010/3/20,1.57
2010/3/21,1.63
2010/3/22,1.67
2010/3/23,1.63
2010/3/24,1.47
2010/3/25,1.49
2010/3/26,1.7
2010/3/27,1.64
2010/3/28,1.7
2010/3/29,1.68
2010/3/30,1.72
2010/3/31,1.71
2010/4/1,1.75
2010/4/2,1.56
2010/4/3,1.72
2010/4/4,1.76
2010/4/5,1.78
2010/4/6,1.76
2010/4/7,1.72
2010/4/8,1.7
2010/4/9,1.69
2010/4/10,1.7
2010/4/11,1.74
2010/4/12,1.73
2010/4/13,1.72
2010/4/14,1.72
2010/4/15,1.71
2010/4/16,1.7
2010/4/17,1.7
2010/4/18,1.7
2010/4/19,1.69
2010/4/20,
2010/4/21,
2010/4/22,
2010/4/23,1.29
2010/4/24,1.27
2010/4/25,1.28
2010/4/26,1.28
2010/4/27,1.27
2010/4/28,1.26
2010/4/29,1.28
2010/4/30,
2010/5/1,1.3
2010/5/2,1.3
2010/5/3,1.3
2010/5/4,1.28
2010/5/5,1.27
2010/5/6,1.28
2010/5/7,1.25
2010/5/8,1.25
2010/5/9,1.25
2010/5/10,1.23
2010/5/11,1.22
2010/5/12,1.23
2010/5/13,1.23
2010/5/14,1.22
2010/5/15,1.21
2010/5/16,1.22
2010/5/17,1.22
2010/5/18,1.2
2010/5/19,1.19
2010/5/20,1.18
2010/5/21,1.17
2010/5/22,1.16
2010/5/23,1.16
2010/5/24,1.14
2010/5/25,1.15
2010/5/26,1.18
2010/5/27,1.19
2010/5/28,1.17
2010/5/29,1.2
2010/5/30,1.19
2010/5/31,1.18
2010/6/1,1.22
2010/6/2,1.2
2010/6/3,1.18
2010/6/4,1.16
2010/6/5,1.16
2010/6/6,1.15
2010/6/7,1.17
2010/6/8,1.24
2010/6/9,1.23
2010/6/10,1.23
2010/6/11,1.21
2010/6/12,1.19
2010/6/13,1.17
2010/6/14,1.17
2010/6/15,1.15
2010/6/16,1.12
2010/6/17,1.12
2010/6/18,1.09
2010/6/19,1.1
2010/6/20,1.1
2010/6/21,1.08
2010/6/22,1.08
2010/6/23,1.08
2010/6/24,1.08
2010/6/25,1.08
2010/6/26,1.08
2010/6/27,1.08
2010/6/28,1.08
2010/6/29,1.09
2010/6/30,1.11
2010/7/1,1.1
2010/7/2,1.11
2010/7/3,1.12
2010/7/4,1.12
2010/7/5,1.12
2010/7/6,1.11
2010/7/7,1.12
2010/7/8,1.14
2010/7/9,1.14
2010/7/10,1.12
2010/7/11,1.12
2010/7/12,1.12
2010/7/13,1.17
2010/7/14,1.2
2010/7/15,1.21
2010/7/16,1.23
2010/7/17,1.19
2010/7/18,1.16
2010/7/19,1.15
2010/7/20,1.13
2010/7/21,1.06
2010/7/22,1.1
2010/7/23,1.1
2010/7/24,1.06
2010/7/25,1.05
2010/7/26,1.03
2010/7/27,1.02
2010/7/28,1.02
2010/7/29,1.01
2010/7/30,1.01
2010/7/31,1.02
2010/8/1,1.01
2010/8/2,0.998
2010/8/3,0.998
2010/8/4,1.02
2010/8/5,1.01
2010/8/6,1
2010/8/7,1.02
2010/8/8,1.01
2010/8/9,0.991
2010/8/10,1.02
2010/8/11,1.02
2010/8/12,1.01
2010/8/13,1.03
2010/8/14,1.06
2010/8/15,1.05
2010/8/16,1.01
2010/8/17,1.02
2010/8/18,1.04
2010/8/19,1.03
2010/8/20,1.04
2010/8/21,1.04
2010/8/22,1.08
2010/8/23,1.21
2010/8/24,1.12
2010/8/25,1.08
2010/8/26,1.21
2010/8/27,1.14
2010/8/28,1.07
2010/8/29,1.04
2010/8/30,0.979
2010/8/31,0.929
2010/9/1,0.909
2010/9/2,0.903
2010/9/3,0.894
2010/9/4,0.897
2010/9/5,0.891
2010/9/6,0.909
2010/9/7,0.971
2010/9/8,0.921
2010/9/9,0.895
2010/9/10,0.888
2010/9/11,0.885
2010/9/12,0.874
2010/9/13,0.871
2010/9/14,0.872
2010/9/15,0.878
2010/9/16,0.869
2010/9/17,0.856
2010/9/18,0.836
2010/9/19,0.828
2010/9/20,0.818
2010/9/21,0.813
2010/9/22,0.806
2010/9/23,0.844
2010/9/24,0.859
2010/9/25,0.837
2010/9/26,0.833
2010/9/27,0.824
2010/9/28,0.82
2010/9/29,0.858
2010/9/30,0.899
2010/10/1,1.04
2010/10/2,1.18
2010/10/3,1.17
2010/10/4,1.1
2010/10/5,0.97
2010/10/6,0.96
2010/10/7,0.93
2010/10/8,0.894
2010/10/9,0.871
2010/10/10,0.856
2010/10/11,0.846
2010/10/12,0.85
2010/10/13,0.853
2010/10/14,0.855
2010/10/15,0.847
2010/10/16,0.84
2010/10/17,0.836
2010/10/18,0.843
2010/10/19,0.845
2010/10/20,0.841
2010/10/21,0.827
2010/10/22,0.827
2010/10/23,0.88
2010/10/24,0.871
2010/10/25,0.868
2010/10/26,0.869
2010/10/27,0.867
2010/10/28,0.861
2010/10/29,0.849
2010/10/30,0.857
2010/10/31,0.846
2010/11/1,0.834
2010/11/2,0.825
2010/11/3,0.818
2010/11/4,0.801
2010/11/5,0.805
2010/11/6,0.818
2010/11/7,0.837
2010/11/8,0.972
2010/11/9,0.98
2010/11/10,1.03
2010/11/11,1.01
2010/11/12,1.06
2010/11/13,1.05
2010/11/14,1.03
2010/11/15,0.961
2010/11/16,0.914
2010/11/17,0.945
2010/11/18,1.07
2010/11/19,1.04
2010/11/20,0.956
2010/11/21,0.937
2010/11/22,0.913
2010/11/23,0.907
2010/11/24,0.899
2010/11/25,0.886
2010/11/26,0.879
2010/11/27,0.872
2010/11/28,0.866
2010/11/29,
2010/11/30,
2010/12/1,
2010/12/2,
2010/12/3,
2010/12/4,
2010/12/5,
2010/12/6,
2010/12/7,
2010/12/8,
2010/12/9,
2010/12/10,
2010/12/11,
2010/12/12,
2010/12/13,
2010/12/14,
2010/12/15,
2010/12/16,
2010/12/17,0.852
2010/12/18,0.829
2010/12/19,0.818
2010/12/20,0.833
2010/12/21,0.841
2010/12/22,0.838
2010/12/23,0.821
2010/12/24,0.817
2010/12/25,0.803
2010/12/26,0.795
2010/12/27,0.808
2010/12/28,0.896
2010/12/29,0.911
2010/12/30,0.864
2010/12/31,0.841
2011/1/1,0.834
2011/1/2,0.83
2011/1/3,0.824
2011/1/4,0.83
2011/1/5,0.829
2011/1/6,0.973
2011/1/7,1.11
2011/1/8,1.22
2011/1/9,1.08
2011/1/10,0.915
2011/1/11,1.27
2011/1/12,1.19
2011/1/13,1.14
2011/1/14,1.12
2011/1/15,1.11
2011/1/16,1.06
2011/1/17,1.18
2011/1/18,1.31
2011/1/19,1.3
2011/1/20,1.23
2011/1/21,1.15
2011/1/22,1.11
2011/1/23,1.08
2011/1/24,1.07
2011/1/25,1.06
2011/1/26,1.05
2011/1/27,1.03
2011/1/28,1.02
2011/1/29,1.01
2011/1/30,1
2011/1/31,0.994
2011/2/1,0.986
2011/2/2,0.982
2011/2/3,0.969
2011/2/4,0.962
2011/2/5,0.954
2011/2/6,0.951
2011/2/7,0.952
2011/2/8,0.934
2011/2/9,0.929
2011/2/10,0.976
2011/2/11,0.988
2011/2/12,0.969
2011/2/13,0.744
2011/2/14,1.17
2011/2/15,1.15
2011/2/16,1.11
2011/2/17,1.05
2011/2/18,1.04
2011/2/19,1.07
2011/2/20,1.09
2011/2/21,1.04
2011/2/22,1.01
2011/2/23,1.05
2011/2/24,1.03
2011/2/25,1.01
2011/2/26,1.06
2011/2/27,1.06
2011/2/28,1.05
2011/3/1,1.02
2011/3/2,0.999
2011/3/3,0.982
2011/3/4,0.977
2011/3/5,0.963
2011/3/6,0.951
2011/3/7,0.939
2011/3/8,0.936
2011/3/9,0.92
2011/3/10,0.93
2011/3/11,0.925
2011/3/12,0.93
2011/3/13,0.931
2011/3/14,0.914
2011/3/15,0.911
2011/3/16,0.912
2011/3/17,0.91
2011/3/18,0.954
2011/3/19,0.941
2011/3/20,0.923
2011/3/21,0.914
2011/3/22,0.897
2011/3/23,
2011/3/24,
2011/3/25,
2011/3/26,0.911
2011/3/27,0.928
2011/3/28,0.918
2011/3/29,0.915
2011/3/30,0.93
2011/3/31,0.934
2011/4/1,0.927
2011/4/2,0.916
2011/4/3,0.918
2011/4/4,0.913
2011/4/5,0.915
2011/4/6,0.903
2011/4/7,0.891
2011/4/8,0.887
2011/4/9,0.888
2011/4/10,0.883
2011/4/11,0.885
2011/4/12,0.887
2011/4/13,0.897
2011/4/14,0.899
2011/4/15,0.896
2011/4/16,0.895
2011/4/17,0.894
2011/4/18,0.89
2011/4/19,0.879
2011/4/20,0.867
2011/4/21,0.865
2011/4/22,0.866
2011/4/23,0.86
2011/4/24,0.864
2011/4/25,0.861
2011/4/26,0.861
2011/4/27,0.872
2011/4/28,0.904
2011/4/29,0.89
2011/4/30,0.873
2011/5/1,0.862
2011/5/2,0.862
2011/5/3,0.857
2011/5/4,0.853
2011/5/5,0.845
2011/5/6,0.876
2011/5/7,1.06
2011/5/8,1.08
2011/5/9,1
2011/5/10,0.976
2011/5/11,0.971
2011/5/12,0.961
2011/5/13,0.959
2011/5/14,0.955
2011/5/15,0.943
2011/5/16,0.94
2011/5/17,0.95
2011/5/18,0.957
2011/5/19,0.945
2011/5/20,0.944
2011/5/21,0.94
2011/5/22,0.932
2011/5/23,0.934
2011/5/24,0.927
2011/5/25,0.922
2011/5/26,0.925
2011/5/27,0.929
2011/5/28,0.93
2011/5/29,0.943
2011/5/30,0.95
2011/5/31,0.943
2011/6/1,0.941
2011/6/2,0.916
2011/6/3,0.892
2011/6/4,0.884
2011/6/5,0.932
2011/6/6,0.961
2011/6/7,0.96
2011/6/8,0.954
2011/6/9,0.939
2011/6/10,0.935
2011/6/11,0.93
2011/6/12,0.994
2011/6/13,1
2011/6/14,0.945
2011/6/15,0.925
2011/6/16,0.953
2011/6/17,0.973
2011/6/18,1.01
2011/6/19,0.992
2011/6/20,0.955
2011/6/21,0.94
2011/6/22,0.939
2011/6/23,0.958
2011/6/24,0.922
2011/6/25,0.907
2011/6/26,0.89
2011/6/27,0.87
2011/6/28,0.86
2011/6/29,0.859
2011/6/30,0.85
2011/7/1,0.846
2011/7/2,0.844
2011/7/3,0.837
2011/7/4,0.828
2011/7/5,0.832
2011/7/6,0.847
2011/7/7,0.868
2011/7/8,0.876
2011/7/9,0.861
2011/7/10,0.845
2011/7/11,0.829
2011/7/12,0.831
2011/7/13,0.835
2011/7/14,0.818
2011/7/15,0.812
2011/7/16,0.851
2011/7/17,0.869
2011/7/18,0.841
2011/7/19,0.817
2011/7/20,0.812
2011/7/21,0.802
2011/7/22,0.779
2011/7/23,0.769
2011/7/24,0.76
2011/7/25,0.744
2011/7/26,0.744
2011/7/27,0.746
2011/7/28,0.739
2011/7/29,0.744
2011/7/30,0.747
2011/7/31,0.733
2011/8/1,0.715
2011/8/2,0.701
2011/8/3,0.709
2011/8/4,0.804
2011/8/5,0.788
2011/8/6,0.765
2011/8/7,0.763
2011/8/8,0.765
2011/8/9,0.747
2011/8/10,0.732
2011/8/11,0.733
2011/8/12,0.737
2011/8/13,0.743
2011/8/14,0.737
2011/8/15,0.732
2011/8/16,0.74
2011/8/17,0.743
2011/8/18,0.663
2011/8/19,1.09
2011/8/20,0.88
2011/8/21,0.834
2011/8/22,0.803
2011/8/23,0.785
2011/8/24,0.753
2011/8/25,0.735
2011/8/26,0.848
2011/8/27,0.883
2011/8/28,0.792
2011/8/29,0.763
2011/8/30,0.746
2011/8/31,0.737
2011/9/1,0.724
2011/9/2,0.718
2011/9/3,0.718
2011/9/4,0.752
2011/9/5,0.75
2011/9/6,0.781
2011/9/7,0.769
2011/9/8,0.746
2011/9/9,0.74
2011/9/10,0.754
2011/9/11,0.802
2011/9/12,0.77
2011/9/13,0.741
2011/9/14,0.73
2011/9/15,0.716
2011/9/16,0.711
2011/9/17,0.728
2011/9/18,0.764
2011/9/19,0.74
2011/9/20,0.722
2011/9/21,0.722
2011/9/22,0.708
2011/9/23,0.696
2011/9/24,0.682
2011/9/25,0.683
2011/9/26,0.678
2011/9/27,0.686
2011/9/28,0.675
2011/9/29,0.667
2011/9/30,0.663
2011/10/1,0.654
2011/10/2,0.65
2011/10/3,0.65
2011/10/4,0.659
2011/10/5,0.658
2011/10/6,0.659
2011/10/7,0.654
2011/10/8,0.647
2011/10/9,0.64
2011/10/10,0.632
2011/10/11,0.628
2011/10/12,0.629
2011/10/13,0.633
2011/10/14,0.636
2011/10/15,0.64
2011/10/16,0.638
2011/10/17,0.638
2011/10/18,0.646
2011/10/19,0.647
2011/10/20,0.646
2011/10/21,0.64
2011/10/22,0.637
2011/10/23,0.625
2011/10/24,0.644
2011/10/25,0.673
2011/10/26,0.678
2011/10/27,0.689
2011/10/28,0.664
2011/10/29,0.65
2011/10/30,0.641
2011/10/31,0.64
2011/11/1,0.64
2011/11/2,0.661
2011/11/3,0.748
2011/11/4,0.828
2011/11/5,0.815
2011/11/6,0.741
2011/11/7,0.71
2011/11/8,0.688
2011/11/9,0.686
2011/11/10,0.681
2011/11/11,0.678
2011/11/12,0.687
2011/11/13,0.676
2011/11/14,0.67
2011/11/15,0.672
2011/11/16,0.666
2011/11/17,0.659
2011/11/18,0.653
2011/11/19,0.648
2011/11/20,0.645
2011/11/21,0.642
2011/11/22,0.647
2011/11/23,0.648
2011/11/24,0.65
2011/11/25,0.644
2011/11/26,0.646
2011/11/27,0.648
2011/11/28,0.649
2011/11/29,0.664
2011/11/30,0.679
2011/12/1,0.706
2011/12/2,0.724
2011/12/3,0.703
2011/12/4,0.697
2011/12/5,0.694
2011/12/6,0.685
2011/12/7,0.68
2011/12/8,0.687
2011/12/9,0.703
2011/12/10,0.693
2011/12/11,0.732
2011/12/12,0.693
2011/12/13,0.792
2011/12/14,0.915
2011/12/15,0.85
2011/12/16,
2011/12/17,
2011/12/18,
2011/12/19,
2011/12/20,0.826
2011/12/21,0.854
2011/12/22,0.82
2011/12/23,0.823
2011/12/24,0.815
2011/12/25,0.786
2011/12/26,0.767
2011/12/27,0.758
2011/12/28,0.754
2011/12/29,0.756
2011/12/30,0.779
2011/12/31,0.793
2012/1/1,0.838
2012/1/2,0.922
2012/1/3,1
2012/1/4,1.02
2012/1/5,0.952
2012/1/6,0.897
2012/1/7,0.866
2012/1/8,0.843
2012/1/9,0.828
2012/1/10,0.824
2012/1/11,0.821
2012/1/12,0.819
2012/1/13,0.812
2012/1/14,0.803
2012/1/15,0.806
2012/1/16,0.797
2012/1/17,0.79
2012/1/18,0.778
2012/1/19,0.784
2012/1/20,0.777
2012/1/21,0.77
2012/1/22,0.766
2012/1/23,0.765
2012/1/24,0.819
2012/1/25,0.825
2012/1/26,0.834
2012/1/27,0.815
2012/1/28,0.803
2012/1/29,0.787
2012/1/30,0.787
2012/1/31,0.773
2012/2/1,0.767
2012/2/2,0.759
2012/2/3,0.753
2012/2/4,0.768
2012/2/5,0.828
2012/2/6,0.816
2012/2/7,0.799
2012/2/8,0.779
2012/2/9,0.771
2012/2/10,0.772
2012/2/11,0.758
2012/2/12,0.739
2012/2/13,0.738
2012/2/14,0.732
2012/2/15,0.72
2012/2/16,0.707
2012/2/17,0.707
2012/2/18,0.714
2012/2/19,0.704
2012/2/20,0.696
2012/2/21,0.691
2012/2/22,0.694
2012/2/23,0.684
2012/2/24,0.68
2012/2/25,0.682
2012/2/26,0.685
2012/2/27,0.688
2012/2/28,0.681
2012/2/29,0.676
2012/3/1,0.64
2012/3/2,0.626
2012/3/3,0.624
2012/3/4,0.762
2012/3/5,0.804
2012/3/6,0.716
2012/3/7,0.701
2012/3/8,0.678
2012/3/9,0.663
2012/3/10,0.648
2012/3/11,0.643
2012/3/12,0.641
2012/3/13,0.638
2012/3/14,0.641
2012/3/15,0.642
2012/3/16,0.645
2012/3/17,0.654
2012/3/18,0.649
2012/3/19,0.634
2012/3/20,0.619
2012/3/21,0.617
2012/3/22,0.61
2012/3/23,0.605
2012/3/24,0.605
2012/3/25,0.597
2012/3/26,0.615
2012/3/27,0.621
2012/3/28,0.618
2012/3/29,0.616
2012/3/30,0.618
2012/3/31,0.622
2012/4/1,0.616
2012/4/2,0.619
2012/4/3,0.627
2012/4/4,0.624
2012/4/5,0.627
2012/4/6,0.607
2012/4/7,0.61
2012/4/8,0.608
2012/4/9,0.656
2012/4/10,0.689
2012/4/11,0.658
2012/4/12,0.656
2012/4/13,0.642
2012/4/14,0.69
2012/4/15,0.67
2012/4/16,0.657
2012/4/17,0.403
2012/4/18,0.383
2012/4/19,0.377
2012/4/20,0.375
2012/4/21,0.363
2012/4/22,0.361
2012/4/23,0.41
2012/4/24,0.408
2012/4/25,0.647
2012/4/26,0.627
2012/4/27,0.506
2012/4/28,0.493
2012/4/29,1.11
2012/4/30,0.853
2012/5/1,0.813
2012/5/2,0.711
2012/5/3,0.683
2012/5/4,0.659
2012/5/5,0.631
2012/5/6,0.606
2012/5/7,0.58
2012/5/8,0.571
2012/5/9,0.551
2012/5/10,0.557
2012/5/11,0.702
2012/5/12,0.632
2012/5/13,0.596
2012/5/14,0.599
2012/5/15,0.666
2012/5/16,0.67
2012/5/17,0.666
2012/5/18,0.659
2012/5/19,0.653
2012/5/20,0.649
2012/5/21,0.638
2012/5/22,0.632
2012/5/23,0.626
2012/5/24,0.626
2012/5/25,0.623
2012/5/26,0.626
2012/5/27,0.695
2012/5/28,0.711
2012/5/29,0.714
2012/5/30,0.72
2012/5/31,0.725
2012/6/1,0.742
2012/6/2,0.744
2012/6/3,0.756
2012/6/4,0.755
2012/6/5,0.791
2012/6/6,0.793
2012/6/7,0.812
2012/6/8,0.866
2012/6/9,0.859
2012/6/10,0.838
2012/6/11,0.976
2012/6/12,1.98
2012/6/13,1.21
2012/6/14,1.03
2012/6/15,1.09
2012/6/16,1.05
2012/6/17,0.996
2012/6/18,1.03
2012/6/19,1.04
2012/6/20,1.02
2012/6/21,1.05
2012/6/22,1.05
2012/6/23,1.04
2012/6/24,1.09
2012/6/25,1.1
2012/6/26,1.06
2012/6/27,1.04
2012/6/28,1.02
2012/6/29,1.02
2012/6/30,1
2012/7/1,0.99
2012/7/2,1.03
2012/7/3,0.917
2012/7/4,0.982
2012/7/5,0.986
2012/7/6,0.942
2012/7/7,0.705
2012/7/8,1.2
2012/7/9,1.17
2012/7/10,1.12
2012/7/11,1.09
2012/7/12,0.973
2012/7/13,1.18
2012/7/14,1.52
2012/7/15,1.28
2012/7/16,1.15
2012/7/17,1.1
2012/7/18,1.09
2012/7/19,1.1
2012/7/20,1.05
2012/7/21,1
2012/7/22,0.92
2012/7/23,0.875
2012/7/24,0.862
2012/7/25,0.835
2012/7/26,0.828
2012/7/27,0.815
2012/7/28,0.813
2012/7/29,0.834
2012/7/30,0.83
2012/7/31,0.84
2012/8/1,0.839
2012/8/2,0.83
2012/8/3,0.819
2012/8/4,0.818
2012/8/5,0.811
2012/8/6,0.777
2012/8/7,0.781
2012/8/8,0.773
2012/8/9,0.762
2012/8/10,0.744
2012/8/11,0.72
2012/8/12,0.736
2012/8/13,0.745
2012/8/14,0.742
2012/8/15,0.769
2012/8/16,0.768
2012/8/17,0.747
2012/8/18,0.725
2012/8/19,0.707
2012/8/20,0.703
2012/8/21,0.706
2012/8/22,0.709
2012/8/23,0.704
2012/8/24,0.697
2012/8/25,0.702
2012/8/26,0.706
2012/8/27,0.686
2012/8/28,0.688
2012/8/29,0.703
2012/8/30,0.721
2012/8/31,0.691
2012/9/1,0.669
2012/9/2,0.666
2012/9/3,0.694
2012/9/4,0.691
2012/9/5,0.684
2012/9/6,0.679
2012/9/7,0.672
2012/9/8,0.666
2012/9/9,0.666
2012/9/10,0.678
2012/9/11,0.675
2012/9/12,0.668
2012/9/13,0.659
2012/9/14,0.648
2012/9/15,0.648
2012/9/16,0.647
2012/9/17,0.641
2012/9/18,0.637
2012/9/19,0.632
2012/9/20,0.631
2012/9/21,0.636
2012/9/22,0.632
2012/9/23,0.695
2012/9/24,0.84
2012/9/25,0.769
2012/9/26,0.742
2012/9/27,0.71
2012/9/28,0.692
2012/9/29,0.681
2012/9/30,0.668
2012/10/1,0.655
2012/10/2,0.648
2012/10/3,0.656
2012/10/4,0.656
2012/10/5,0.701
2012/10/6,0.862
2012/10/7,0.754
2012/10/8,0.712
2012/10/9,0.751
2012/10/10,0.746
2012/10/11,0.726
2012/10/12,0.725
2012/10/13,0.691
2012/10/14,0.676
2012/10/15,0.663
2012/10/16,0.684
2012/10/17,0.779
2012/10/18,1.04
2012/10/19,0.986
2012/10/20,0.875
2012/10/21,0.798
2012/10/22,0.749
2012/10/23,0.716
2012/10/24,0.702
2012/10/25,0.689
2012/10/26,0.68
2012/10/27,0.667
2012/10/28,0.661
2012/10/29,0.66
2012/10/30,0.657
2012/10/31,0.565
2012/11/1,0.94
2012/11/2,0.855
2012/11/3,0.781
2012/11/4,1.72
2012/11/5,1.2
2012/11/6,0.962
2012/11/7,0.861
2012/11/8,0.806
2012/11/9,0.792
2012/11/10,0.819
2012/11/11,0.784
2012/11/12,0.771
2012/11/13,0.758
2012/11/14,0.741
2012/11/15,0.732
2012/11/16,0.723
2012/11/17,0.717
2012/11/18,0.719
2012/11/19,0.72
2012/11/20,0.78
2012/11/21,0.671
2012/11/22,0.978
2012/11/23,1.85
2012/11/24,2.1
2012/11/25,3.77
2012/11/26,2
2012/11/27,1.61
2012/11/28,1.45
2012/11/29,1.29
2012/11/30,1.18
2012/12/1,1.15
2012/12/2,1.14
2012/12/3,1.14
2012/12/4,1.15
2012/12/5,1.13
2012/12/6,1.15
2012/12/7,1.12
2012/12/8,1.16
2012/12/9,1.13
2012/12/10,1.12
2012/12/11,1.09
2012/12/12,1.08
2012/12/13,1.07
2012/12/14,0.891
2012/12/15,1.34
2012/12/16,1.27
2012/12/17,1.14
2012/12/18,1.1
2012/12/19,0.858
2012/12/20,6.01
2012/12/21,2.08
2012/12/22,2.48
2012/12/23,2.17
2012/12/24,1.97
2012/12/25,1.8
2012/12/26,2.15
2012/12/27,2.09
2012/12/28,2.16
2012/12/29,2.12
2012/12/30,2.06
2012/12/31,1.96
2013/1/1,2.26
2013/1/2,2.04
2013/1/3,1.85
2013/1/4,1.69
2013/1/5,1.58
2013/1/6,1.41
2013/1/7,1.38
2013/1/8,1.39
2013/1/9,1.55
2013/1/10,1.4
2013/1/11,1.34
2013/1/12,1.63
2013/1/13,2.03
2013/1/14,1.63
2013/1/15,1.51
2013/1/16,1.28
2013/1/17,1.22
2013/1/18,1.22
2013/1/19,1.21
2013/1/20,1.18
2013/1/21,1.15
2013/1/22,1.15
2013/1/23,1.24
2013/1/24,1.24
2013/1/25,1.16
2013/1/26,1.39
2013/1/27,2.26
2013/1/28,1.71
2013/1/29,1.79
2013/1/30,2.25
2013/1/31,1.77
2013/2/1,1.91
2013/2/2,1.67
2013/2/3,1.49
2013/2/4,1.38
2013/2/5,1.46
2013/2/6,1.37
2013/2/7,1.27
2013/2/8,1.24
2013/2/9,1.38
2013/2/10,2.08
2013/2/11,2.38
2013/2/12,2.05
2013/2/13,2.03
2013/2/14,2.09
2013/2/15,1.96
2013/2/16,1.84
2013/2/17,1.76
2013/2/18,1.69
2013/2/19,1.61
2013/2/20,1.53
2013/2/21,1.51
2013/2/22,1.49
2013/2/23,1.47
2013/2/24,1.45
2013/2/25,1.45
2013/2/26,1.43
2013/2/27,1.42
2013/2/28,1.4
2013/3/1,1.39
2013/3/2,1.38
2013/3/3,1.37
2013/3/4,1.35
2013/3/5,1.34
2013/3/6,1.32
2013/3/7,1.35
2013/3/8,1.48
2013/3/9,1.46
2013/3/10,1.36
2013/3/11,1.31
2013/3/12,1.27
2013/3/13,1.24
2013/3/14,1.22
2013/3/15,1.26
2013/3/16,1.63
2013/3/17,2.46
2013/3/18,2.07
2013/3/19,1.84
2013/3/20,1.78
2013/3/21,1.67
2013/3/22,1.64
2013/3/23,1.69
2013/3/24,1.7
2013/3/25,1.57
2013/3/26,1.43
2013/3/27,1.4
2013/3/28,1.37
2013/3/29,1.34
2013/3/30,1.34
2013/3/31,1.38
2013/4/1,1.38
2013/4/2,1.36
2013/4/3,1.35
2013/4/4,1.36
2013/4/5,1.34
2013/4/6,1.32
2013/4/7,1.31
2013/4/8,1.31
2013/4/9,1.32
2013/4/10,1.33
2013/4/11,1.37
2013/4/12,1.47
2013/4/13,1.39
2013/4/14,1.5
2013/4/15,1.48
2013/4/16,1.38
2013/4/17,1.25
2013/4/18,1.22
2013/4/19,1.2
2013/4/20,1.18
2013/4/21,1.15
2013/4/22,1.15
2013/4/23,1.11
2013/4/24,1.1
2013/4/25,1.11
2013/4/26,1.13
2013/4/27,1.13
2013/4/28,1.12
2013/4/29,1.1
2013/4/30,1.09
2013/5/1,1.07
2013/5/2,1.06
2013/5/3,1.05
2013/5/4,1.06
2013/5/5,1.05
2013/5/6,1.04
2013/5/7,1.03
2013/5/8,1.06
2013/5/9,1.05
2013/5/10,1.06
2013/5/11,1.13
2013/5/12,1.12
2013/5/13,1.1
2013/5/14,1.14
2013/5/15,1.17
2013/5/16,1.13
2013/5/17,1.1
2013/5/18,1.07
2013/5/19,1.06
2013/5/20,1.05
2013/5/21,
2013/5/22,
2013/5/23,
2013/5/24,
2013/5/25,
2013/5/26,
2013/5/27,
2013/5/28,
2013/5/29,
2013/5/30,
2013/5/31,
2013/6/1,
2013/6/2,
2013/6/3,
2013/6/4,
2013/6/5,0.914
2013/6/6,0.895
2013/6/7,0.939
2013/6/8,0.916
2013/6/9,0.901
2013/6/10,0.909
2013/6/11,0.924
2013/6/12,0.943
2013/6/13,0.931
2013/6/14,0.928
2013/6/15,0.939
2013/6/16,0.928
2013/6/17,0.949
2013/6/18,0.99
2013/6/19,0.98
2013/6/20,0.98
2013/6/21,0.97
2013/6/22,0.975
2013/6/23,0.963
2013/6/24,0.941
2013/6/25,0.934
2013/6/26,
2013/6/27,
2013/6/28,
2013/6/29,0.915
2013/6/30,0.912
2013/7/1,0.905
2013/7/2,0.913
2013/7/3,0.914
2013/7/4,0.893
2013/7/5,0.878
2013/7/6,0.858
2013/7/7,0.851
2013/7/8,0.846
2013/7/9,0.838
2013/7/10,0.835
2013/7/11,0.833
2013/7/12,0.832
2013/7/13,0.827
2013/7/14,0.816
2013/7/15,0.821
2013/7/16,0.83
2013/7/17,0.835
2013/7/18,0.823
2013/7/19,0.813
2013/7/20,0.782
2013/7/21,0.761
2013/7/22,0.775
2013/7/23,0.773
2013/7/24,0.781
2013/7/25,0.795
2013/7/26,0.79
2013/7/27,0.795
2013/7/28,0.816
2013/7/29,0.812
2013/7/30,0.801
2013/7/31,0.818
2013/8/1,0.805
2013/8/2,0.793
2013/8/3,0.785
2013/8/4,0.797
2013/8/5,0.82
2013/8/6,0.826
2013/8/7,0.802
2013/8/8,0.804
2013/8/9,0.792
2013/8/10,0.797
2013/8/11,0.792
2013/8/12,0.824
2013/8/13,0.827
2013/8/14,0.829
2013/8/15,0.833
2013/8/16,0.823
2013/8/17,0.838
2013/8/18,0.838
2013/8/19,0.823
2013/8/20,0.817
2013/8/21,0.809
2013/8/22,0.804
2013/8/23,0.792
2013/8/24,0.775
2013/8/25,0.767
2013/8/26,0.757
2013/8/27,0.733
2013/8/28,0.723
2013/8/29,0.728
2013/8/30,0.726
2013/8/31,0.711
2013/9/1,0.706
2013/9/2,0.699
2013/9/3,0.691
2013/9/4,0.684
2013/9/5,0.673
2013/9/6,0.684
2013/9/7,0.695
2013/9/8,0.698
2013/9/9,0.689
2013/9/10,0.682
2013/9/11,0.677
2013/9/12,0.681
2013/9/13,0.69
2013/9/14,0.71
2013/9/15,0.697
2013/9/16,0.689
2013/9/17,0.688
2013/9/18,0.69
2013/9/19,0.679
2013/9/20,0.655
2013/9/21,0.639
2013/9/22,0.625
2013/9/23,0.614
2013/9/24,0.605
2013/9/25,0.595
2013/9/26,0.596
2013/9/27,0.572
2013/9/28,0.561
2013/9/29,0.547
2013/9/30,0.538
2013/10/1,0.531
2013/10/2,0.528
2013/10/3,0.515
2013/10/4,0.508
2013/10/5,0.491
2013/10/6,0.482
2013/10/7,0.474
2013/10/8,0.472
2013/10/9,0.451
2013/10/10,0.432
2013/10/11,0.417
2013/10/12,0.403
2013/10/13,0.49
2013/10/14,0.519
2013/10/15,0.457
2013/10/16,0.536
2013/10/17,0.536
2013/10/18,0.531
2013/10/19,0.542
2013/10/20,0.659
2013/10/21,0.712
2013/10/22,0.708
2013/10/23,0.733
2013/10/24,0.697
2013/10/25,0.715
2013/10/26,0.716
2013/10/27,0.705
2013/10/28,0.779
2013/10/29,0.869
2013/10/30,0.809
2013/10/31,0.796
2013/11/1,0.793
2013/11/2,0.791
2013/11/3,0.801
2013/11/4,0.869
2013/11/5,0.896
2013/11/6,0.883
2013/11/7,0.87
2013/11/8,0.896
2013/11/9,0.927
2013/11/10,0.939
2013/11/11,0.936
2013/11/12,0.945
2013/11/13,0.936
2013/11/14,0.924
2013/11/15,0.916
2013/11/16,0.918
2013/11/17,0.924
2013/11/18,0.931
2013/11/19,0.935
2013/11/20,0.958
2013/11/21,0.924
2013/11/22,0.836
2013/11/23,0.837
2013/11/24,0.812
2013/11/25,0.841
2013/11/26,0.86
2013/11/27,0.869
2013/11/28,0.874
2013/11/29,0.87
2013/11/30,0.861
2013/12/1,0.859
2013/12/2,0.838
2013/12/3,0.821
2013/12/4,0.816
2013/12/5,0.815
2013/12/6,0.807
2013/12/7,0.798
2013/12/8,0.801
2013/12/9,0.805
2013/12/10,0.804
2013/12/11,0.787
2013/12/12,0.781
2013/12/13,0.787
2013/12/14,0.796
2013/12/15,0.742
2013/12/16,1.1
2013/12/17,1.09
2013/12/18,0.997
2013/12/19,1.53
2013/12/20,1.16
2013/12/21,1.36
2013/12/22,1.35
2013/12/23,6.11
2013/12/24,8.39
2013/12/25,1.76
2013/12/26,1.46
2013/12/27,0.833
2013/12/28,0.566
2013/12/29,0.593
2013/12/30,0.988
2013/12/31,1.01
2014/1/1,1.99
2014/1/2,1.76
2014/1/3,2
2014/1/4,5.96
2014/1/5,2.99
2014/1/6,4.18
2014/1/7,2.69
2014/1/8,2.68
2014/1/9,2.63
2014/1/10,2.4
2014/1/11,2.2
2014/1/12,2.2
2014/1/13,2.11
2014/1/14,2.06
2014/1/15,1.97
2014/1/16,2.28
2014/1/17,3.54
2014/1/18,3.81
2014/1/19,2.31
2014/1/20,2.35
2014/1/21,2.37
2014/1/22,2.39
2014/1/23,2.38
2014/1/24,2.18
2014/1/25,2.27
2014/1/26,2.32
2014/1/27,2.35
2014/1/28,2.46
2014/1/29,2.57
2014/1/30,2.45
2014/1/31,2.78
2014/2/1,4.67
2014/2/2,2.71
2014/2/3,2.59
2014/2/4,2.57
2014/2/5,2.62
2014/2/6,5.16
2014/2/7,7.83
2014/2/8,6.99
2014/2/9,4.88
2014/2/10,4.43
2014/2/11,4.41
2014/2/12,5.42
2014/2/13,5.52
2014/2/14,9.32
2014/2/15,8.55
2014/2/16,5.81
2014/2/17,5.04
2014/2/18,5.11
2014/2/19,5.06
2014/2/20,5.26
2014/2/21,5
2014/2/22,4.55
2014/2/23,4.29
2014/2/24,4.13
2014/2/25,4.66
2014/2/26,4.48
2014/2/27,4.25
2014/2/28,5.04
2014/3/1,4.1
2014/3/2,4.55
2014/3/3,6.28
2014/3/4,4.25
2014/3/5,3.82
2014/3/6,3.64
2014/3/7,3.45
2014/3/8,3.25
2014/3/9,3.12
2014/3/10,3.03
2014/3/11,2.95
2014/3/12,2.84
2014/3/13,2.76
2014/3/14,2.67
2014/3/15,2.57
2014/3/16,2.48
2014/3/17,2.45
2014/3/18,2.4
2014/3/19,2.38
2014/3/20,2.35
2014/3/21,2.36
2014/3/22,2.41
2014/3/23,2.32
2014/3/24,2.16
2014/3/25,2.11
2014/3/26,1.88
2014/3/27,1.68
2014/3/28,1.63
2014/3/29,1.52
2014/3/30,1.41
2014/3/31,1.36
2014/4/1,1.33
2014/4/2,1.3
2014/4/3,1.27
2014/4/4,1.24
2014/4/5,1.24
2014/4/6,1.29
2014/4/7,1.64
2014/4/8,1.45
2014/4/9,1.27
2014/4/10,1.23
2014/4/11,1.21
2014/4/12,1.2
2014/4/13,1.18
2014/4/14,1.17
2014/4/15,1.15
2014/4/16,1.15
2014/4/17,1.15
2014/4/18,1.15
2014/4/19,1.15
2014/4/20,1.33
2014/4/21,1.29
2014/4/22,1.38
2014/4/23,1.31
2014/4/24,1.28
2014/4/25,1.48
2014/4/26,1.65
2014/4/27,1.69
2014/4/28,1.65
2014/4/29,2.1
2014/4/30,1.59
2014/5/1,1.36
2014/5/2,1.23
2014/5/3,1.15
2014/5/4,1.1
2014/5/5,1.07
2014/5/6,1.05
2014/5/7,1.03
2014/5/8,1.06
2014/5/9,1.04
2014/5/10,1.06
2014/5/11,1.04
2014/5/12,1.02
2014/5/13,0.998
2014/5/14,0.979
2014/5/15,0.96
2014/5/16,0.956
2014/5/17,0.975
2014/5/18,0.98
2014/5/19,0.985
2014/5/20,0.987
2014/5/21,1
2014/5/22,1.36
2014/5/23,1.44
2014/5/24,1.42
2014/5/25,1.3
2014/5/26,1.21
2014/5/27,1.2
2014/5/28,1.17
2014/5/29,1.15
2014/5/30,1.11
2014/5/31,1.08
2014/6/1,1.06
2014/6/2,1.04
2014/6/3,1.04
2014/6/4,1.26
2014/6/5,1.24
2014/6/6,1.22
2014/6/7,1.19
2014/6/8,1.18
2014/6/9,1.18
2014/6/10,1.19
2014/6/11,1.2
2014/6/12,1.18
2014/6/13,1.17
2014/6/14,1.2
2014/6/15,1.19
2014/6/16,1.15
2014/6/17,1.13
2014/6/18,1.12
2014/6/19,1.11
2014/6/20,1.11
2014/6/21,1.11
2014/6/22,1.1
2014/6/23,1.09
2014/6/24,1.09
2014/6/25,1.07
2014/6/26,1.08
2014/6/27,1.09
2014/6/28,1.12
2014/6/29,1.12
2014/6/30,1.09
2014/7/1,1.07
2014/7/2,1.05
2014/7/3,1.04
2014/7/4,1.04
2014/7/5,1.06
2014/7/6,1.06
2014/7/7,1.06
2014/7/8,1.07
2014/7/9,1.05
2014/7/10,1.04
2014/7/11,1.03
2014/7/12,1.02
2014/7/13,1.02
2014/7/14,1.02
2014/7/15,1.02
2014/7/16,1
2014/7/17,1
2014/7/18,1.04
2014/7/19,1.05
2014/7/20,1.04
2014/7/21,1.02
2014/7/22,1.01
2014/7/23,1
2014/7/24,1
2014/7/25,0.999
2014/7/26,0.999
2014/7/27,0.996
2014/7/28,0.993
2014/7/29,0.984
2014/7/30,0.98
2014/7/31,0.986
2014/8/1,0.995
2014/8/2,1.01
2014/8/3,1.02
2014/8/4,1
2014/8/5,1.01
2014/8/6,1.02
2014/8/7,1.01
2014/8/8,1.01
2014/8/9,1.03
2014/8/10,1.04
2014/8/11,1.03
2014/8/12,1.01
2014/8/13,1
2014/8/14,1
2014/8/15,1.01
2014/8/16,1
2014/8/17,0.992
2014/8/18,0.991
2014/8/19,0.991
2014/8/20,0.985
2014/8/21,0.986
2014/8/22,0.98
2014/8/23,0.972
2014/8/24,0.97
2014/8/25,1.04
2014/8/26,1.15
2014/8/27,1.07
2014/8/28,1.04
2014/8/29,1.01
2014/8/30,0.995
2014/8/31,0.984
2014/9/1,0.982
2014/9/2,0.982
2014/9/3,0.975
2014/9/4,0.971
2014/9/5,0.967
2014/9/6,0.965
2014/9/7,0.969
2014/9/8,0.965
2014/9/9,0.964
2014/9/10,0.961
2014/9/11,0.959
2014/9/12,0.956
2014/9/13,0.956
2014/9/14,0.954
2014/9/15,0.953
2014/9/16,0.951
2014/9/17,0.948
2014/9/18,0.954
2014/9/19,0.974
2014/9/20,0.975
2014/9/21,0.962
2014/9/22,0.957
2014/9/23,0.963
2014/9/24,0.971
2014/9/25,0.968
2014/9/26,0.961
2014/9/27,0.956
2014/9/28,0.952
2014/9/29,0.947
2014/9/30,0.942
2014/10/1,0.936
2014/10/2,0.93
2014/10/3,0.929
2014/10/4,0.933
2014/10/5,0.937
2014/10/6,0.987
2014/10/7,0.986
2014/10/8,0.99
2014/10/9,0.987
2014/10/10,1.04
2014/10/11,1.05
2014/10/12,1.06
2014/10/13,1.13
2014/10/14,1.09
2014/10/15,1.07
2014/10/16,1.14
2014/10/17,1.14
2014/10/18,1.08
2014/10/19,1.05
2014/10/20,1.02
2014/10/21,0.99
2014/10/22,0.958
2014/10/23,0.935
2014/10/24,0.917
2014/10/25,0.899
2014/10/26,0.882
2014/10/27,0.863
2014/10/28,0.853
2014/10/29,0.85
2014/10/30,0.834
2014/10/31,0.813
2014/11/1,0.802
2014/11/2,0.824
2014/11/3,0.967
2014/11/4,0.83
2014/11/5,0.764
2014/11/6,0.771
2014/11/7,1.02
2014/11/8,1.08
2014/11/9,0.952
2014/11/10,0.868
2014/11/11,1.18
2014/11/12,0.859
2014/11/13,0.967
2014/11/14,0.892
2014/11/15,0.865
2014/11/16,0.824
2014/11/17,0.855
2014/11/18,0.84
2014/11/19,0.802
2014/11/20,0.789
2014/11/21,0.833
2014/11/22,0.869
2014/11/23,0.92
2014/11/24,1.09
2014/11/25,1.01
2014/11/26,1.16
2014/11/27,1.22
2014/11/28,1.23
2014/11/29,1.2
2014/11/30,1.13
2014/12/1,1.11
2014/12/2,1.11
2014/12/3,1.1
2014/12/4,1.11
2014/12/5,1.11
2014/12/6,1.11
2014/12/7,1.13
2014/12/8,1.14
2014/12/9,1.16
2014/12/10,1.2
2014/12/11,1.24
2014/12/12,1.43
2014/12/13,1.36
2014/12/14,1.32
2014/12/15,1.3
2014/12/16,1.3
2014/12/17,1.37
2014/12/18,1.36
2014/12/19,1.31
2014/12/20,1.28
2014/12/21,1.25
2014/12/22,1.24
2014/12/23,1.22
2014/12/24,1.21
2014/12/25,1.19
2014/12/26,1.23
2014/12/27,1.33
2014/12/28,1.23
2014/12/29,1.2
2014/12/30,1.18
2014/12/31,1.17
2015/1/1,1.17
2015/1/2,1.17
2015/1/3,1.32
2015/1/4,1.27
2015/1/5,1.22
2015/1/6,1.2
2015/1/7,1.2
2015/1/8,1.3
2015/1/9,1.43
2015/1/10,1.31
2015/1/11,1.28
2015/1/12,1.25
2015/1/13,1.44
2015/1/14,1.35
2015/1/15,2.29
2015/1/16,1.53
2015/1/17,1.44
2015/1/18,1.41
2015/1/19,1.37
2015/1/20,1.39
2015/1/21,1.51
2015/1/22,1.42
2015/1/23,1.39
2015/1/24,1.39
2015/1/25,1.36
2015/1/26,1.35
2015/1/27,1.34
2015/1/28,1.33
2015/1/29,1.34
2015/1/30,1.35
2015/1/31,1.31
2015/2/1,1.28
2015/2/2,1.26
2015/2/3,1.24
2015/2/4,1.22
2015/2/5,1.2
2015/2/6,1.18
2015/2/7,1.16
2015/2/8,1.14
2015/2/9,1.13
2015/2/10,1.12
2015/2/11,1.1
2015/2/12,1.09
2015/2/13,1.16
2015/2/14,1.24
2015/2/15,1.16
2015/2/16,1.21
2015/2/17,1.19
2015/2/18,1.15
2015/2/19,1.22
2015/2/20,1.39
2015/2/21,1.24
2015/2/22,1.21
2015/2/23,1.48
2015/2/24,1.3
2015/2/25,1.25
2015/2/26,1.26
2015/2/27,1.24
2015/2/28,1.25
2015/3/1,1.31
2015/3/2,1.29
2015/3/3,1.27
2015/3/4,1.25
2015/3/5,1.23
2015/3/6,1.22
2015/3/7,1.23
2015/3/8,1.22
2015/3/9,1.22
2015/3/10,1.23
2015/3/11,1.21
2015/3/12,1.21
2015/3/13,1.23
2015/3/14,1.22
2015/3/15,1.22
2015/3/16,1.23
2015/3/17,1.24
2015/3/18,1.23
2015/3/19,1.23
2015/3/20,1.21
2015/3/21,1.21
2015/3/22,1.19
2015/3/23,1.19
2015/3/24,1.2
2015/3/25,1.18
2015/3/26,1.21
2015/3/27,1.18
2015/3/28,1.18
2015/3/29,1.21
2015/3/30,1.2
2015/3/31,1.19
2015/4/1,1.18
2015/4/2,1.17
2015/4/3,1.18
2015/4/4,1.18
2015/4/5,1.16
2015/4/6,1.16
2015/4/7,1.16
2015/4/8,1.16
2015/4/9,1.14
2015/4/10,1.14
2015/4/11,1.14
2015/4/12,1.14
2015/4/13,1.12
2015/4/14,1.1
2015/4/15,1.1
2015/4/16,1.09
2015/4/17,1.08
2015/4/18,1.08
2015/4/19,1.07
2015/4/20,1.07
2015/4/21,1.06
2015/4/22,1.06
2015/4/23,1.05
2015/4/24,1.04
2015/4/25,1.06
2015/4/26,1.07
2015/4/27,1.05
2015/4/28,1.04
2015/4/29,1.06
2015/4/30,1.02
2015/5/1,0.976
2015/5/2,0.987
2015/5/3,1.08
2015/5/4,1.07
2015/5/5,1.11
2015/5/6,1.09
2015/5/7,1.06
2015/5/8,1
2015/5/9,0.984
2015/5/10,0.968
2015/5/11,0.96
2015/5/12,0.967
2015/5/13,0.964
2015/5/14,1.08
2015/5/15,1.04
2015/5/16,1
2015/5/17,0.977
2015/5/18,0.987
2015/5/19,0.981
2015/5/20,0.975
2015/5/21,0.965
2015/5/22,0.97
2015/5/23,0.965
2015/5/24,0.96
2015/5/25,0.957
2015/5/26,0.951
2015/5/27,0.939
2015/5/28,0.939
2015/5/29,0.971
2015/5/30,0.963
2015/5/31,0.97
2015/6/1,0.97
2015/6/2,1
2015/6/3,0.97
2015/6/4,0.948
2015/6/5,0.948
2015/6/6,0.943
2015/6/7,0.942
2015/6/8,0.901
2015/6/9,0.893
2015/6/10,0.889
2015/6/11,0.89
2015/6/12,0.939
2015/6/13,0.949
2015/6/14,0.952
2015/6/15,0.938
2015/6/16,0.924
2015/6/17,0.92
2015/6/18,0.916
2015/6/19,0.907
2015/6/20,0.911
2015/6/21,0.916
2015/6/22,0.946
2015/6/23,0.926
2015/6/24,0.903
2015/6/25,0.893
2015/6/26,0.881
2015/6/27,0.882
2015/6/28,0.891
2015/6/29,0.876
2015/6/30,0.842
2015/7/1,0.825
2015/7/2,0.843
2015/7/3,0.836
2015/7/4,0.827
2015/7/5,0.825
2015/7/6,0.823
2015/7/7,0.842
2015/7/8,0.846
2015/7/9,0.832
2015/7/10,0.814
2015/7/11,0.815
2015/7/12,0.823
2015/7/13,0.843
2015/7/14,0.849
2015/7/15,0.849
2015/7/16,0.824
2015/7/17,0.782
2015/7/18,0.732
2015/7/19,0.735
2015/7/20,0.723
2015/7/21,0.721
2015/7/22,0.716
2015/7/23,0.703
2015/7/24,0.815
2015/7/25,0.858
2015/7/26,0.827
2015/7/27,0.806
2015/7/28,0.771
2015/7/29,0.753
2015/7/30,0.747
2015/7/31,0.73
2015/8/1,0.728
2015/8/2,0.717
2015/8/3,0.714
2015/8/4,0.713
2015/8/5,0.707
2015/8/6,0.71
2015/8/7,0.701
2015/8/8,0.691
2015/8/9,0.685
2015/8/10,0.692
2015/8/11,0.698
2015/8/12,0.684
2015/8/13,0.712
2015/8/14,0.837
2015/8/15,0.761
2015/8/16,0.711
2015/8/17,0.697
2015/8/18,0.69
2015/8/19,0.742
2015/8/20,0.768
2015/8/21,0.728
2015/8/22,0.701
2015/8/23,0.732
2015/8/24,0.936
2015/8/25,0.921
2015/8/26,1.06
2015/8/27,0.975
2015/8/28,0.811
2015/8/29,0.764
2015/8/30,0.751
2015/8/31,0.775
2015/9/1,0.74
2015/9/2,0.717
2015/9/3,0.703
2015/9/4,0.688
2015/9/5,0.691
2015/9/6,0.674
2015/9/7,0.662
2015/9/8,0.66
2015/9/9,0.673
2015/9/10,0.683
2015/9/11,0.663
2015/9/12,0.677
2015/9/13,0.677
2015/9/14,
2015/9/15,
2015/9/16,
2015/9/17,
2015/9/18,0.793
2015/9/19,0.766
2015/9/20,0.748
2015/9/21,0.763
2015/9/22,0.809
2015/9/23,0.797
2015/9/24,0.776
2015/9/25,0.764
2015/9/26,0.755
2015/9/27,0.748
2015/9/28,0.738
2015/9/29,0.742
2015/9/30,0.736
2015/10/1,0.731
2015/10/2,0.726
2015/10/3,0.732
2015/10/4,0.719
2015/10/5,0.792
2015/10/6,0.913
2015/10/7,0.927
2015/10/8,0.824
2015/10/9,0.808
2015/10/10,0.808
2015/10/11,0.799
2015/10/12,0.792
2015/10/13,0.789
2015/10/14,0.786
2015/10/15,0.778
2015/10/16,0.777
2015/10/17,0.774
2015/10/18,0.77
2015/10/19,0.77
2015/10/20,0.769
2015/10/21,0.792
2015/10/22,0.79
2015/10/23,0.773
2015/10/24,0.773
2015/10/25,0.771
2015/10/26,0.761
2015/10/27,0.766
2015/10/28,0.772
2015/10/29,0.78
2015/10/30,0.878
2015/10/31,0.89
2015/11/1,0.816
2015/11/2,0.8
2015/11/3,0.798
2015/11/4,0.801
2015/11/5,0.887
2015/11/6,0.957
2015/11/7,0.98
2015/11/8,0.984
2015/11/9,0.937
2015/11/10,0.916
2015/11/11,0.881
2015/11/12,0.846
2015/11/13,0.849
2015/11/14,0.857
2015/11/15,0.891
2015/11/16,0.891
2015/11/17,0.894
2015/11/18,0.906
2015/11/19,0.908
2015/11/20,0.906
2015/11/21,0.868
2015/11/22,0.837
2015/11/23,0.831
2015/11/24,0.912
2015/11/25,0.861
2015/11/26,0.923
2015/11/27,0.934
2015/11/28,0.924
2015/11/29,0.901
2015/11/30,0.875
2015/12/1,0.87
2015/12/2,0.877
2015/12/3,0.888
2015/12/4,0.91
2015/12/5,0.891
2015/12/6,0.89
2015/12/7,0.892
2015/12/8,0.963
2015/12/9,0.855
2015/12/10,0.863
2015/12/11,0.952
2015/12/12,0.908
2015/12/13,0.894
2015/12/14,0.898
2015/12/15,0.983
2015/12/16,1.02
2015/12/17,0.959
2015/12/18,0.94
2015/12/19,0.946
2015/12/20,0.959
2015/12/21,0.981
2015/12/22,1
2015/12/23,1.23
2015/12/24,1.07
2015/12/25,1.03
2015/12/26,1
2015/12/27,0.947
2015/12/28,0.94
2015/12/29,1
2015/12/30,1.06
2015/12/31,1.47
2016/1/1,1.27
2016/1/2,1.93
2016/1/3,3.27
2016/1/4,1.72
2016/1/5,1.41
2016/1/6,1.31
2016/1/7,1.68
2016/1/8,1.5
2016/1/9,1.42
2016/1/10,1.75
2016/1/11,1.56
2016/1/12,1.51
2016/1/13,1.43
2016/1/14,1.42
2016/1/15,1.37
2016/1/16,1.34
2016/1/17,1.34
2016/1/18,1.22
2016/1/19,1.15
2016/1/20,1.11
2016/1/21,1.08
2016/1/22,1.17
2016/1/23,1.12
2016/1/24,1.07
2016/1/25,1
2016/1/26,1.03
2016/1/27,1.93
2016/1/28,1.85
2016/1/29,1.16
2016/1/30,1.14
2016/1/31,1.07
2016/2/1,0.984
2016/2/2,0.958
2016/2/3,0.932
2016/2/4,0.905
2016/2/5,0.896
2016/2/6,0.896
2016/2/7,0.992
2016/2/8,1
2016/2/9,1.14
2016/2/10,1.01
2016/2/11,0.915
2016/2/12,0.92
2016/2/13,0.944
2016/2/14,0.978
2016/2/15,0.983
2016/2/16,0.962
2016/2/17,0.865
2016/2/18,1.12
2016/2/19,0.945
2016/2/20,0.928
2016/2/21,0.897
2016/2/22,0.879
2016/2/23,0.883
2016/2/24,0.88
2016/2/25,0.851
2016/2/26,0.848
2016/2/27,0.852
2016/2/28,0.857
2016/2/29,0.862
2016/3/1,0.866
2016/3/2,0.871
2016/3/3,0.876
2016/3/4,0.9
2016/3/5,1.03
2016/3/6,1.13
2016/3/7,1.1
2016/3/8,0.962
2016/3/9,2.69
2016/3/10,1.94
2016/3/11,1.26
2016/3/12,1.06
2016/3/13,0.995
2016/3/14,
2016/3/15,
2016/3/16,
2016/3/17,
2016/3/18,
2016/3/19,
2016/3/20,
2016/3/21,
2016/3/22,
2016/3/23,
2016/3/24,
2016/3/25,
2016/3/26,
2016/3/27,
2016/3/28,
2016/3/29,
2016/3/30,
2016/3/31,
2016/4/1,1.09
2016/4/2,1.07
2016/4/3,1.07
2016/4/4,1.07
2016/4/5,1.06
2016/4/6,1.05
2016/4/7,1.05
2016/4/8,1.06
2016/4/9,1.06
2016/4/10,1.1
2016/4/11,1.29
2016/4/12,1.21
2016/4/13,1.14
2016/4/14,1.12
2016/4/15,1.26
2016/4/16,1.24
2016/4/17,1.16
2016/4/18,1.13
2016/4/19,1.11
2016/4/20,1.1
2016/4/21,1.09
2016/4/22,1.09
2016/4/23,1.08
2016/4/24,1.07
2016/4/25,1.06
2016/4/26,1.05
2016/4/27,1.04
2016/4/28,1.03
2016/4/29,1.03
2016/4/30,1.01
2016/5/1,1
2016/5/2,0.989
2016/5/3,0.549
2016/5/4,0.499
2016/5/5,0.492
2016/5/6,0.499
2016/5/7,0.493
2016/5/8,0.479
2016/5/9,0.478
2016/5/10,0.49
2016/5/11,0.545
2016/5/12,0.535
2016/5/13,0.484
2016/5/14,0.589
2016/5/15,0.615
2016/5/16,0.613
2016/5/17,0.597
2016/5/18,0.611
2016/5/19,0.604
2016/5/20,0.588
2016/5/21,0.59
2016/5/22,
2016/5/23,
2016/5/24,
2016/5/25,
2016/5/26,
2016/5/27,
2016/5/28,
2016/5/29,
2016/5/30,
2016/5/31,
2016/6/1,
2016/6/2,
2016/6/3,
2016/6/4,
2016/6/5,
2016/6/6,
2016/6/7,
2016/6/8,
2016/6/9,
2016/6/10,
2016/6/11,
2016/6/12,
2016/6/13,
2016/6/14,
2016/6/15,
2016/6/16,
2016/6/17,
2016/6/18,
2016/6/19,
2016/6/20,
2016/6/21,
2016/6/22,
2016/6/23,
2016/6/24,
2016/6/25,
2016/6/26,
2016/6/27,
2016/6/28,
2016/6/29,
2016/6/30,
2016/7/1,
2016/7/2,
2016/7/3,
2016/7/4,
2016/7/5,
2016/7/6,
2016/7/7,
2016/7/8,
2016/7/9,
2016/7/10,
2016/7/11,
2016/7/12,
2016/7/13,
2016/7/14,
2016/7/15,
2016/7/16,
2016/7/17,
2016/7/18,
2016/7/19,
2016/7/20,
2016/7/21,
2016/7/22,
2016/7/23,
2016/7/24,
2016/7/25,
2016/7/26,
2016/7/27,
2016/7/28,
2016/7/29,
2016/7/30,
2016/7/31,
2016/8/1,
2016/8/2,
2016/8/3,
2016/8/4,
2016/8/5,
2016/8/6,
2016/8/7,
2016/8/8,
2016/8/9,
2016/8/10,
2016/8/11,
2016/8/12,
2016/8/13,
2016/8/14,
2016/8/15,
2016/8/16,
2016/8/17,
2016/8/18,
2016/8/19,
2016/8/20,
2016/8/21,
2016/8/22,0.225
2016/8/23,
2016/8/24,
2016/8/25,
2016/8/26,
2016/8/27,
2016/8/28,
2016/8/29,
2016/8/30,
2016/8/31,
2016/9/1,
2016/9/2,
2016/9/3,
2016/9/4,
2016/9/5,
2016/9/6,
2016/9/7,
2016/9/8,
2016/9/9,
2016/9/10,
2016/9/11,
2016/9/12,0.215
2016/9/13,
2016/9/14,
2016/9/15,
2016/9/16,
2016/9/17,
2016/9/18,
2016/9/19,
2016/9/20,
2016/9/21,
2016/9/22,
2016/9/23,
2016/9/24,
2016/9/25,
2016/9/26,
2016/9/27,
2016/9/28,
2016/9/29,
2016/9/30,
2016/10/1,
2016/10/2,
2016/10/3,
2016/10/4,
2016/10/5,
2016/10/6,
2016/10/7,
2016/10/8,
2016/10/9,
2016/10/10,
2016/10/11,
2016/10/12,0.172
2016/10/13,
2016/10/14,
2016/10/15,
2016/10/16,
2016/10/17,
2016/10/18,
2016/10/19,
2016/10/20,
2016/10/21,
2016/10/22,
2016/10/23,
2016/10/24,
2016/10/25,
2016/10/26,
2016/10/27,
2016/10/28,
2016/10/29,
2016/10/30,
2016/10/31,
2016/11/1,
2016/11/2,
2016/11/3,
2016/11/4,
2016/11/5,
2016/11/6,
2016/11/7,
2016/11/8,
2016/11/9,
2016/11/10,
2016/11/11,
2016/11/12,
2016/11/13,
2016/11/14,
2016/11/15,
2016/11/16,
2016/11/17,
2016/11/18,
2016/11/19,
2016/11/20,
2016/11/21,
2016/11/22,
2016/11/23,
2016/11/24,
2016/11/25,
2016/11/26,
2016/11/27,
2016/11/28,
2016/11/29,
2016/11/30,
2016/12/1,
2016/12/2,
2016/12/3,
2016/12/4,
2016/12/5,
2016/12/6,
2016/12/7,
2016/12/8,
2016/12/9,
2016/12/10,
2016/12/11,
2016/12/12,
2016/12/13,
2016/12/14,
2016/12/15,
2016/12/16,
2016/12/17,
2016/12/18,
2016/12/19,
2016/12/20,
2016/12/21,
2016/12/22,
2016/12/23,
2016/12/24,
2016/12/25,
2016/12/26,
2016/12/27,
2016/12/28,
2016/12/29,
2016/12/30,
2016/12/31,
2017/1/1,
2017/1/2,
2017/1/3,
2017/1/4,
2017/1/5,
2017/1/6,
2017/1/7,
2017/1/8,
2017/1/9,
2017/1/10,
2017/1/11,
2017/1/12,
2017/1/13,
2017/1/14,
2017/1/15,
2017/1/16,
2017/1/17,
2017/1/18,
2017/1/19,
2017/1/20,
2017/1/21,
2017/1/22,
2017/1/23,
2017/1/24,
2017/1/25,
2017/1/26,
2017/1/27,
2017/1/28,
2017/1/29,
2017/1/30,
2017/1/31,
2017/2/1,
2017/2/2,
2017/2/3,
2017/2/4,
2017/2/5,
2017/2/6,
2017/2/7,
2017/2/8,
2017/2/9,
2017/2/10,
2017/2/11,
2017/2/12,
2017/2/13,
2017/2/14,
2017/2/15,
2017/2/16,
2017/2/17,
2017/2/18,
2017/2/19,
2017/2/20,
2017/2/21,
2017/2/22,
2017/2/23,
2017/2/24,
2017/2/25,
2017/2/26,
2017/2/27,
2017/2/28,
2017/3/1,
2017/3/2,
2017/3/3,
2017/3/4,
2017/3/5,
2017/3/6,
2017/3/7,
2017/3/8,
2017/3/9,
2017/3/10,
2017/3/11,
2017/3/12,
2017/3/13,
2017/3/14,
2017/3/15,
2017/3/16,
2017/3/17,
2017/3/18,
2017/3/19,
2017/3/20,
2017/3/21,
2017/3/22,
2017/3/23,
2017/3/24,
2017/3/25,
2017/3/26,
2017/3/27,
2017/3/28,
2017/3/29,
2017/3/30,
2017/3/31,
2017/4/1,0.598
2017/4/2,
2017/4/3,
2017/4/4,
2017/4/5,
2017/4/6,
2017/4/7,
2017/4/8,
2017/4/9,
2017/4/10,
2017/4/11,
2017/4/12,
2017/4/13,
2017/4/14,
2017/4/15,
2017/4/16,
2017/4/17,
2017/4/18,
2017/4/19,
2017/4/20,
2017/4/21,
2017/4/22,
2017/4/23,
2017/4/24,
2017/4/25,
2017/4/26,
2017/4/27,
2017/4/28,
2017/4/29,
2017/4/30,
2017/5/1,
2017/5/2,
2017/5/3,
2017/5/4,
2017/5/5,
2017/5/6,
2017/5/7,
2017/5/8,
2017/5/9,
2017/5/10,
2017/5/11,
2017/5/12,
2017/5/13,
2017/5/14,
2017/5/15,0.297
2017/5/16,
2017/5/17,
2017/5/18,
2017/5/19,
2017/5/20,
2017/5/21,
2017/5/22,
2017/5/23,
2017/5/24,
2017/5/25,
2017/5/26,
2017/5/27,
2017/5/28,
2017/5/29,
2017/5/30,
2017/5/31,
2017/6/1,
2017/6/2,
2017/6/3,
2017/6/4,
2017/6/5,
2017/6/6,
2017/6/7,
2017/6/8,
2017/6/9,
2017/6/10,
2017/6/11,
2017/6/12,0.201
2017/6/13,
2017/6/14,
2017/6/15,
2017/6/16,
2017/6/17,
2017/6/18,
2017/6/19,
2017/6/20,
2017/6/21,
2017/6/22,
2017/6/23,
2017/6/24,
2017/6/25,
2017/6/26,
2017/6/27,
2017/6/28,
2017/6/29,
2017/6/30,
2017/7/1,
2017/7/2,
2017/7/3,
2017/7/4,
2017/7/5,
2017/7/6,
2017/7/7,
2017/7/8,
2017/7/9,
2017/7/10,0.05
2017/7/11,
2017/7/12,
2017/7/13,
2017/7/14,
2017/7/15,
2017/7/16,
2017/7/17,
2017/7/18,
2017/7/19,
2017/7/20,
2017/7/21,
2017/7/22,
2017/7/23,
2017/7/24,
2017/7/25,
2017/7/26,
2017/7/27,
2017/7/28,
2017/7/29,
2017/7/30,
2017/7/31,
2017/8/1,
2017/8/2,
2017/8/3,
2017/8/4,
2017/8/5,
2017/8/6,
2017/8/7,
2017/8/8,
2017/8/9,
2017/8/10,
2017/8/11,
2017/8/12,
2017/8/13,
2017/8/14,0.195
2017/8/15,
2017/8/16,
2017/8/17,
2017/8/18,
2017/8/19,
2017/8/20,
2017/8/21,
2017/8/22,
2017/8/23,
2017/8/24,
2017/8/25,
2017/8/26,
2017/8/27,
2017/8/28,
2017/8/29,
2017/8/30,
2017/8/31,
2017/9/1,
2017/9/2,
2017/9/3,
2017/9/4,
2017/9/5,
2017/9/6,
2017/9/7,
2017/9/8,
2017/9/9,
2017/9/10,
2017/9/11,0.141
2017/9/12,
2017/9/13,
2017/9/14,
2017/9/15,
2017/9/16,
2017/9/17,
2017/9/18,
2017/9/19,
2017/9/20,
2017/9/21,
2017/9/22,
2017/9/23,
2017/9/24,
2017/9/25,
2017/9/26,
2017/9/27,
2017/9/28,
2017/9/29,
2017/9/30,
2017/10/1,
2017/10/2,
2017/10/3,
2017/10/4,
2017/10/5,
2017/10/6,
2017/10/7,
2017/10/8,
2017/10/9,
2017/10/10,
2017/10/11,
2017/10/12,
2017/10/13,
2017/10/14,
2017/10/15,
2017/10/16,
2017/10/17,
2017/10/18,
2017/10/19,
2017/10/20,
2017/10/21,
2017/10/22,
2017/10/23,
2017/10/24,
2017/10/25,
2017/10/26,
2017/10/27,
2017/10/28,
2017/10/29,
2017/10/30,
2017/10/31,
2017/11/1,
2017/11/2,
2017/11/3,
2017/11/4,
2017/11/5,
2017/11/6,
2017/11/7,0.4
2017/11/8,0.351
2017/11/9,
2017/11/10,
2017/11/11,
2017/11/12,
2017/11/13,
2017/11/14,
2017/11/15,
2017/11/16,
2017/11/17,
2017/11/18,
2017/11/19,
2017/11/20,
2017/11/21,
2017/11/22,
2017/11/23,
2017/11/24,
2017/11/25,
2017/11/26,
2017/11/27,
2017/11/28,
2017/11/29,
2017/11/30,
2017/12/1,
2017/12/2,
2017/12/3,
2017/12/4,
2017/12/5,
2017/12/6,
2017/12/7,
2017/12/8,
2017/12/9,
2017/12/10,0.506
2017/12/11,0.37
2017/12/12,
2017/12/13,0.363
2017/12/14,0.37
2017/12/15,
2017/12/16,
2017/12/17,
2017/12/18,
2017/12/19,
2017/12/20,
2017/12/21,
2017/12/22,
2017/12/23,
2017/12/24,
2017/12/25,
2017/12/26,0.819
2017/12/27,1.21
2017/12/28,0.849
2017/12/29,0.866
2017/12/30,0.802
2017/12/31,0.962
2018/1/1,0.744
2018/1/2,0.687
2018/1/3,0.734
2018/1/4,0.766
2018/1/5,0.72
2018/1/6,0.663
2018/1/7,
2018/1/8,
2018/1/9,
2018/1/10,
2018/1/11,
2018/1/12,
2018/1/13,
2018/1/14,
2018/1/15,0.844
2018/1/16,0.732
2018/1/17,0.792
2018/1/18,0.812
2018/1/19,0.711
2018/1/20,0.726
2018/1/21,1
2018/1/22,1.09
2018/1/23,0.836
2018/1/24,1.21
2018/1/25,1.21
2018/1/26,0.881
2018/1/27,0.832
2018/1/28,0.801
2018/1/29,0.771
2018/1/30,0.752
2018/1/31,0.761
2018/2/1,0.749
2018/2/2,0.736
2018/2/3,0.734
2018/2/4,0.726
2018/2/5,0.719
2018/2/6,
2018/2/7,
2018/2/8,
2018/2/9,
2018/2/10,0.733
2018/2/11,0.741
2018/2/12,0.695
2018/2/13,0.897
2018/2/14,0.981
2018/2/15,1.15
2018/2/16,0.813
2018/2/17,0.766
2018/2/18,0.734
2018/2/19,0.74
2018/2/20,
2018/2/21,
2018/2/22,
2018/2/23,
2018/2/24,
2018/2/25,
2018/2/26,
2018/2/27,
2018/2/28,
2018/3/1,
2018/3/2,
2018/3/3,
2018/3/4,1.03
2018/3/5,0.908
2018/3/6,0.836
2018/3/7,0.761
2018/3/8,0.819
2018/3/9,0.955
2018/3/10,1.08
2018/3/11,0.824
2018/3/12,1.06
2018/3/13,0.886
2018/3/14,0.861
2018/3/15,1.45
2018/3/16,1.03
2018/3/17,0.908
2018/3/18,0.889
2018/3/19,0.868
2018/3/20,0.872
2018/3/21,0.846
2018/3/22,0.806
2018/3/23,0.809
2018/3/24,0.855
2018/3/25,0.82
2018/3/26,0.789
2018/3/27,0.822
2018/3/28,1.19
2018/3/29,1.31
2018/3/30,1.63
2018/3/31,1.64
2018/4/1,1.2
2018/4/2,1.58
2018/4/3,1.55
2018/4/4,1.32
2018/4/5,1.15
2018/4/6,1.05
2018/4/7,1.01
2018/4/8,1.01
2018/4/9,1.12
2018/4/10,1.3
2018/4/11,1.5
2018/4/12,1.21
2018/4/13,1.12
2018/4/14,1.07
2018/4/15,1.05
2018/4/16,1.03
2018/4/17,0.996
2018/4/18,0.975
2018/4/19,0.949
2018/4/20,0.945
2018/4/21,0.963
2018/4/22,0.979
2018/4/23,0.957
2018/4/24,0.947
2018/4/25,0.965
2018/4/26,0.951
2018/4/27,1.01
2018/4/28,0.989
2018/4/29,0.945
2018/4/30,0.925
2018/5/1,0.901
2018/5/2,0.98
2018/5/3,0.92
2018/5/4,0.881
2018/5/5,0.853
2018/5/6,0.823
2018/5/7,0.817
2018/5/8,0.801
2018/5/9,0.802
2018/5/10,0.795
2018/5/11,0.785
2018/5/12,0.785
2018/5/13,0.779
2018/5/14,0.817
2018/5/15,0.808
2018/5/16,0.808
2018/5/17,0.804
2018/5/18,0.796
2018/5/19,0.802
2018/5/20,0.801
2018/5/21,0.822
2018/5/22,0.823
2018/5/23,0.84
2018/5/24,0.843
2018/5/25,0.85
2018/5/26,0.857
2018/5/27,0.866
2018/5/28,0.853
2018/5/29,0.98
2018/5/30,1.01
2018/5/31,0.911
2018/6/1,0.906
2018/6/2,0.924
2018/6/3,0.897
2018/6/4,0.896
2018/6/5,0.895
2018/6/6,0.884
2018/6/7,0.873
2018/6/8,0.882
2018/6/9,0.875
2018/6/10,0.876
2018/6/11,0.872
2018/6/12,0.867
2018/6/13,0.863
2018/6/14,0.878
2018/6/15,0.862
2018/6/16,0.858
2018/6/17,0.854
2018/6/18,0.854
2018/6/19,0.832
2018/6/20,0.839
2018/6/21,
2018/6/22,
2018/6/23,
2018/6/24,
2018/6/25,
2018/6/26,
2018/6/27,
2018/6/28,
2018/6/29,
2018/6/30,
2018/7/1,
2018/7/2,
2018/7/3,
2018/7/4,
2018/7/5,
2018/7/6,
2018/7/7,
2018/7/8,
2018/7/9,
2018/7/10,
2018/7/11,
2018/7/12,
2018/7/13,
2018/7/14,
2018/7/15,
2018/7/16,
2018/7/17,
2018/7/18,
2018/7/19,
2018/7/20,
2018/7/21,
2018/7/22,
2018/7/23,
2018/7/24,
2018/7/25,
2018/7/26,
2018/7/27,
2018/7/28,
2018/7/29,
2018/7/30,
2018/7/31,
2018/8/1,
2018/8/2,
2018/8/3,
2018/8/4,
2018/8/5,
2018/8/6,
2018/8/7,
2018/8/8,
2018/8/9,
2018/8/10,
2018/8/11,
2018/8/12,
2018/8/13,
2018/8/14,
2018/8/15,
2018/8/16,
2018/8/17,
2018/8/18,
2018/8/19,
2018/8/20,
2018/8/21,
2018/8/22,
2018/8/23,
2018/8/24,
2018/8/25,
2018/8/26,
2018/8/27,
2018/8/28,
2018/8/29,
2018/8/30,
2018/8/31,
2018/9/1,
2018/9/2,
2018/9/3,
2018/9/4,
2018/9/5,
2018/9/6,
2018/9/7,
2018/9/8,
2018/9/9,
2018/9/10,
2018/9/11,
2018/9/12,
2018/9/13,
2018/9/14,
2018/9/15,
2018/9/16,
2018/9/17,
2018/9/18,
2018/9/19,
2018/9/20,
2018/9/21,
2018/9/22,
2018/9/23,
2018/9/24,
2018/9/25,
2018/9/26,
2018/9/27,
2018/9/28,
2018/9/29,
2018/9/30,
2018/10/1,
2018/10/2,
2018/10/3,
2018/10/4,
2018/10/5,
2018/10/6,
2018/10/7,
2018/10/8,
2018/10/9,
2018/10/10,
2018/10/11,
2018/10/12,
2018/10/13,
2018/10/14,
2018/10/15,
2018/10/16,
2018/10/17,
2018/10/18,
2018/10/19,
2018/10/20,
2018/10/21,
2018/10/22,
2018/10/23,
2018/10/24,
2018/10/25,
2018/10/26,
2018/10/27,
2018/10/28,
2018/10/29,
2018/10/30,
2018/10/31,
2018/11/1,
2018/11/2,
2018/11/3,
2018/11/4,
2018/11/5,
2018/11/6,
2018/11/7,
2018/11/8,
2018/11/9,
2018/11/10,0.308
2018/11/11,0.33
2018/11/12,
2018/11/13,
2018/11/14,
2018/11/15,
2018/11/16,
2018/11/17,
2018/11/18,
2018/11/19,
2018/11/20,
2018/11/21,
2018/11/22,
2018/11/23,
2018/11/24,
2018/11/25,
2018/11/26,
2018/11/27,0.303
2018/11/28,0.332
2018/11/29,0.339
2018/11/30,
2018/12/1,0.509
2018/12/2,0.404
2018/12/3,
2018/12/4,
2018/12/5,0.294
2018/12/6,0.281
2018/12/7,0.723
2018/12/8,0.398
2018/12/9,0.347
2018/12/10,
2018/12/11,
2018/12/12,
2018/12/13,
2018/12/14,
2018/12/15,0.672
2018/12/16,0.717
2018/12/17,0.586
2018/12/18,0.857
2018/12/19,1.54
2018/12/20,0.711
2018/12/21,0.743
2018/12/22,0.521
2018/12/23,0.56
2018/12/24,0.497
2018/12/25,0.438
2018/12/26,0.415
2018/12/27,0.392
2018/12/28,0.376
2018/12/29,0.365
2018/12/30,0.356
2018/12/31,0.346
2019/1/1,0.334
2019/1/2,0
2019/1/3,
2019/1/4,
2019/1/5,
2019/1/6,
2019/1/7,
2019/1/8,
2019/1/9,
2019/1/10,
2019/1/11,
2019/1/12,
2019/1/13,
2019/1/14,
2019/1/15,
2019/1/16,
2019/1/17,
2019/1/18,
2019/1/19,
2019/1/20,
2019/1/21,
2019/1/22,
2019/1/23,
2019/1/24,
2019/1/25,
2019/1/26,
2019/1/27,
2019/1/28,
2019/1/29,
2019/1/30,
2019/1/31,
2019/2/1,
2019/2/2,
2019/2/3,
2019/2/4,0.746
2019/2/5,0.624
2019/2/6,0.888
2019/2/7,0.754
2019/2/8,1.83
2019/2/9,1.17
2019/2/10,0.782
2019/2/11,0.551
2019/2/12,0.667
2019/2/13,0.675
2019/2/14,0.648
2019/2/15,0.637
2019/2/16,0.615
2019/2/17,0.606
2019/2/18,0.628
2019/2/19,0.623
2019/2/20,0.601
2019/2/21,0.592
2019/2/22,0.585
2019/2/23,0.584
2019/2/24,0.582
2019/2/25,0.577
2019/2/26,0.568
2019/2/27,0.561
2019/2/28,0.572
2019/3/1,0.567
2019/3/2,0.574
2019/3/3,0.724
2019/3/4,0.885
2019/3/5,0.718
2019/3/6,1.39
2019/3/7,1.05
2019/3/8,0.798
2019/3/9,0.76
2019/3/10,0.805
2019/3/11,0.751
2019/3/12,1.04
2019/3/13,1.03
2019/3/14,0.843
2019/3/15,0.803
2019/3/16,0.807
2019/3/17,0.846
2019/3/18,0.802
2019/3/19,0.76
2019/3/20,0.758
2019/3/21,0.757
2019/3/22,0.753
2019/3/23,0.762
2019/3/24,0.759
2019/3/25,0.757
2019/3/26,0.755
2019/3/27,0.743
2019/3/28,0.73
2019/3/29,0.74
2019/3/30,0.758
2019/3/31,0.745
2019/4/1,0.721
2019/4/2,0.731
2019/4/3,0.75
2019/4/4,1
2019/4/5,1.17
2019/4/6,0.872
2019/4/7,0.843
2019/4/8,0.823
2019/4/9,0.843
2019/4/10,0.757
2019/4/11,0.728
2019/4/12,0.715
2019/4/13,0.714
2019/4/14,0.711
2019/4/15,0.699
2019/4/16,0.696
2019/4/17,0.688
2019/4/18,0.685
2019/4/19,0.676
2019/4/20,0.668
2019/4/21,0.672
2019/4/22,0.676
2019/4/23,0.689
2019/4/24,0.695
2019/4/25,0.765
2019/4/26,0.763
2019/4/27,0.763
2019/4/28,0.756
2019/4/29,0.755
2019/4/30,0.753
2019/5/1,0.753
2019/5/2,0.755
2019/5/3,0.767
2019/5/4,0.769
2019/5/5,0.756
2019/5/6,0.762
2019/5/7,0.766
2019/5/8,0.818
2019/5/9,0.816
2019/5/10,0.794
2019/5/11,0.778
2019/5/12,0.766
2019/5/13,0.751
2019/5/14,0.75
2019/5/15,0.747
2019/5/16,0.747
2019/5/17,0.758
2019/5/18,0.774
2019/5/19,0.772
2019/5/20,0.77
2019/5/21,0.763
2019/5/22,0.753
2019/5/23,0.754
2019/5/24,0.746
2019/5/25,0.746
2019/5/26,0.751
2019/5/27,0.753
2019/5/28,0.758
2019/5/29,0.772
2019/5/30,0.766
2019/5/31,0.77
2019/6/1,0.756
2019/6/2,0.746
2019/6/3,0.753
2019/6/4,0.757
2019/6/5,0.762
2019/6/6,0.761
2019/6/7,0.83
2019/6/8,0.853
2019/6/9,0.817
2019/6/10,0.872
2019/6/11,1
2019/6/12,0.931
2019/6/13,0.93
2019/6/14,0.911
2019/6/15,0.888
2019/6/16,0.876
2019/6/17,0.859
2019/6/18,0.864
2019/6/19,0.897
2019/6/20,0.887
2019/6/21,0.873
2019/6/22,0.853
2019/6/23,0.848
2019/6/24,0.847
2019/6/25,0.864
2019/6/26,0.86
2019/6/27,0.832
2019/6/28,0.808
2019/6/29,0.802
2019/6/30,0.805
2019/7/1,0.808
2019/7/2,0.816
2019/7/3,0.807
2019/7/4,0.801
2019/7/5,0.799
2019/7/6,0.795
2019/7/7,0.796
2019/7/8,0.79
2019/7/9,0.783
2019/7/10,0.789
2019/7/11,0.784
2019/7/12,0.783
2019/7/13,0.792
2019/7/14,0.794
2019/7/15,0.792
2019/7/16,0.776
2019/7/17,0.765
2019/7/18,0.795
2019/7/19,0.834
2019/7/20,0.874
2019/7/21,0.859
2019/7/22,0.852
2019/7/23,0.841
2019/7/24,0.777
2019/7/25,0.768
2019/7/26,0.761
2019/7/27,0.778
2019/7/28,0.796
2019/7/29,0.78
2019/7/30,0.805
2019/7/31,0.804
2019/8/1,0.783
2019/8/2,0.747
2019/8/3,0.726
2019/8/4,0.708
2019/8/5,0.688
2019/8/6,0.67
2019/8/7,0.674
2019/8/8,0.675
2019/8/9,0.729
2019/8/10,0.74
2019/8/11,0.72
2019/8/12,0.706
2019/8/13,0.689
2019/8/14,0.714
2019/8/15,0.727
2019/8/16,0.733
2019/8/17,0.776
2019/8/18,0.734
2019/8/19,0.721
2019/8/20,0.705
2019/8/21,0.69
2019/8/22,0.692
2019/8/23,0.688
2019/8/24,0.682
2019/8/25,0.673
2019/8/26,0.674
2019/8/27,0.688
2019/8/28,0.681
2019/8/29,0.619
2019/8/30,0.601
2019/8/31,0.604
2019/9/1,0.6
2019/9/2,0.587
2019/9/3,0.586
2019/9/4,0.607
2019/9/5,0.605
2019/9/6,0.569
2019/9/7,0.576
2019/9/8,0.571
2019/9/9,0.58
2019/9/10,0.583
2019/9/11,0.523
2019/9/12,0.514
2019/9/13,0.491
2019/9/14,0.476
2019/9/15,0.468
2019/9/16,0.467
2019/9/17,0.459
2019/9/18,0.453
2019/9/19,0.451
2019/9/20,0.446
2019/9/21,0.447
2019/9/22,0.476
2019/9/23,0.525
2019/9/24,0.652
2019/9/25,0.738
2019/9/26,0.701
2019/9/27,0.628
2019/9/28,0.622
2019/9/29,0.681
2019/9/30,0.655
2019/10/1,0.688
2019/10/2,0.65
2019/10/3,0.616
2019/10/4,0.61
2019/10/5,0.619
2019/10/6,0.677
2019/10/7,0.677
2019/10/8,0.64
2019/10/9,0.624
2019/10/10,0.612
2019/10/11,0.669
2019/10/12,0.756
2019/10/13,1.01
2019/10/14,0.976
2019/10/15,0.923
2019/10/16,0.869
2019/10/17,0.857
2019/10/18,0.969
2019/10/19,0.934
2019/10/20,0.803
2019/10/21,0.745
2019/10/22,0.708
2019/10/23,0.69
2019/10/24,0.707
2019/10/25,0.742
2019/10/26,0.873
2019/10/27,0.876
2019/10/28,0.753
2019/10/29,0.769
2019/10/30,0.745
2019/10/31,0.744
2019/11/1,0.774
2019/11/2,0.93
2019/11/3,0.86
2019/11/4,0.936
2019/11/5,0.86
2019/11/6,0.815
2019/11/7,1.22
2019/11/8,0.978
2019/11/9,0.979
2019/11/10,0.972
2019/11/11,0.922
2019/11/12,0.871
2019/11/13,0.853
2019/11/14,0.924
2019/11/15,0.846
2019/11/16,0.822
2019/11/17,0.794
2019/11/18,0.772
2019/11/19,0.77
2019/11/20,0.757
2019/11/21,0.758
2019/11/22,0.823
2019/11/23,0.819
2019/11/24,0.817
2019/11/25,0.968
2019/11/26,1.11
2019/11/27,1.2
2019/11/28,0.929
2019/11/29,0.881
2019/11/30,0.841
2019/12/1,0.81
2019/12/2,0.788
2019/12/3,0.78
2019/12/4,0.767
2019/12/5,0.763
2019/12/6,0.779
2019/12/7,0.788
2019/12/8,0.842
2019/12/9,0.818
2019/12/10,0.88
2019/12/11,0.971
2019/12/12,1.16
2019/12/13,1.4
2019/12/14,1.08
2019/12/15,1.47
2019/12/16,1.41
2019/12/17,1.25
2019/12/18,1.21
2019/12/19,3.77
2019/12/20,2.31
2019/12/21,2.1
2019/12/22,2.11
2019/12/23,1.86
2019/12/24,1.67
2019/12/25,1.59
2019/12/26,1.47
2019/12/27,1.73
2019/12/28,1.6
2019/12/29,1.52
2019/12/30,1.47
2019/12/31,1.42
2020/1/1,1.4
2020/1/2,1.38
2020/1/3,1.38
2020/1/4,1.34
2020/1/5,1.31
2020/1/6,1.32
2020/1/7,1.3
2020/1/8,1.28
2020/1/9,1.55
2020/1/10,1.4
2020/1/11,1.3
2020/1/12,1.29
2020/1/13,1.32
2020/1/14,3.08
2020/1/15,8.85
2020/1/16,2.23
2020/1/17,3.91
2020/1/18,2.31
2020/1/19,1.92
2020/1/20,1.79
2020/1/21,1.75
2020/1/22,1.73
2020/1/23,1.62
2020/1/24,1.64
2020/1/25,1.64
2020/1/26,1.64
2020/1/27,1.81
2020/1/28,2.1
2020/1/29,1.75
2020/1/30,1.78
2020/1/31,1.75
2020/2/1,1.59
2020/2/2,1.85
2020/2/3,1.67
2020/2/4,1.57
2020/2/5,1.5
2020/2/6,1.48
2020/2/7,1.48
2020/2/8,1.47
2020/2/9,1.66
2020/2/10,1.97
2020/2/11,1.66
2020/2/12,1.59
2020/2/13,2.09
2020/2/14,2.02
2020/2/15,4.35
2020/2/16,15.1
2020/2/17,4.58
2020/2/18,3.15
2020/2/19,3.19
2020/2/20,3.09
2020/2/21,3.31
2020/2/22,3.23
2020/2/23,3.06
2020/2/24,2.97
2020/2/25,3.04
2020/2/26,2.92
2020/2/27,2.54
2020/2/28,2.54
2020/2/29,2.77
2020/3/1,3.01
2020/3/2,2.96
2020/3/3,2.71
2020/3/4,2.5
2020/3/5,3.64
2020/3/6,3.08
2020/3/7,3.02
2020/3/8,2.48
2020/3/9,2.79
2020/3/10,2.81
2020/3/11,2.92
2020/3/12,2.79
2020/3/13,2.5
2020/3/14,2.6
2020/3/15,2.43
2020/3/16,2.28
2020/3/17,2.16
2020/3/18,2.07
2020/3/19,2
2020/3/20,1.95
2020/3/21,1.9
2020/3/22,1.87
2020/3/23,1.86
2020/3/24,1.84
2020/3/25,1.84
2020/3/26,1.81
2020/3/27,1.72
2020/3/28,1.69
2020/3/29,1.64
2020/3/30,1.64
2020/3/31,1.62
2020/4/1,1.6
2020/4/2,1.58
2020/4/3,1.55
2020/4/4,1.53
2020/4/5,1.51
2020/4/6,1.47
2020/4/7,1.44
2020/4/8,1.41
2020/4/9,1.39
2020/4/10,1.36
2020/4/11,1.33
2020/4/12,1.31
2020/4/13,1.28
2020/4/14,1.26
2020/4/15,1.25
2020/4/16,1.23
2020/4/17,1.34
2020/4/18,1.49
2020/4/19,1.35
2020/4/20,1.26
2020/4/21,1.21
2020/4/22,1.17
2020/4/23,1.15
2020/4/24,1.12
2020/4/25,1.1
2020/4/26,1.08
2020/4/27,1.08
2020/4/28,1.25
2020/4/29,1.27
2020/4/30,1.31
2020/5/1,1.25
2020/5/2,1.15
2020/5/3,1.1
2020/5/4,1.07
2020/5/5,1.04
2020/5/6,1.01
2020/5/7,0.99
2020/5/8,0.974
2020/5/9,0.954
2020/5/10,0.933
2020/5/11,0.911
2020/5/12,0.92
2020/5/13,0.914
2020/5/14,0.902
2020/5/15,0.897
2020/5/16,0.885
2020/5/17,0.877
2020/5/18,0.86
2020/5/19,0.844
2020/5/20,0.83
2020/5/21,0.821
2020/5/22,0.807
2020/5/23,0.801
2020/5/24,0.789
2020/5/25,0.774
2020/5/26,0.761
2020/5/27,0.755
2020/5/28,0.741
2020/5/29,0.736
2020/5/30,0.728
2020/5/31,0.722
2020/6/1,0.713
2020/6/2,0.711
2020/6/3,0.722
2020/6/4,0.737
2020/6/5,0.732
2020/6/6,0.738
2020/6/7,0.743
2020/6/8,0.727
2020/6/9,0.723
2020/6/10,0.729
2020/6/11,0.739
2020/6/12,0.76
2020/6/13,0.766
2020/6/14,0.753
2020/6/15,0.744
2020/6/16,0.732
2020/6/17,0.723
2020/6/18,0.785
2020/6/19,0.806
2020/6/20,0.779
2020/6/21,0.76
2020/6/22,0.735
2020/6/23,0.711
2020/6/24,0.69
2020/6/25,0.686
2020/6/26,0.675
2020/6/27,0.71
2020/6/28,0.712
2020/6/29,0.697
2020/6/30,0.714
2020/7/1,0.721
2020/7/2,0.725
2020/7/3,0.712
2020/7/4,0.716
2020/7/5,0.703
2020/7/6,0.682
2020/7/7,0.681
2020/7/8,0.691
2020/7/9,0.703
2020/7/10,0.69
2020/7/11,0.668
2020/7/12,0.663
2020/7/13,0.648
2020/7/14,0.668
2020/7/15,0.677
2020/7/16,0.646
2020/7/17,0.622
2020/7/18,0.612
2020/7/19,0.624
2020/7/20,0.613
2020/7/21,0.598
2020/7/22,0.584
2020/7/23,0.582
2020/7/24,0.587
2020/7/25,0.622
2020/7/26,0.655
2020/7/27,0.638
2020/7/28,0.625
2020/7/29,0.601
2020/7/30,0.584
2020/7/31,0.564
2020/8/1,0.558
2020/8/2,0.557
2020/8/3,0.552
2020/8/4,0.546
2020/8/5,0.543
2020/8/6,0.547
2020/8/7,0.551
2020/8/8,0.544
2020/8/9,0.533
2020/8/10,0.529
2020/8/11,0.52
2020/8/12,0.518
2020/8/13,0.552
2020/8/14,0.668
2020/8/15,0.634
2020/8/16,0.625
2020/8/17,0.627
2020/8/18,0.637
2020/8/19,0.777
2020/8/20,0.752
2020/8/21,0.675
2020/8/22,0.644
2020/8/23,0.628
2020/8/24,0.65
2020/8/25,0.821
2020/8/26,0.709
2020/8/27,0.863
2020/8/28,0.919
2020/8/29,0.818
2020/8/30,0.717
2020/8/31,0.672
2020/9/1,0.636
2020/9/2,0.64
2020/9/3,0.638
2020/9/4,0.635
2020/9/5,0.619
2020/9/6,0.609
2020/9/7,0.599
2020/9/8,0.592
2020/9/9,0.591
2020/9/10,0.584
2020/9/11,0.58
2020/9/12,0.578
2020/9/13,0.572
2020/9/14,0.568
2020/9/15,0.558
2020/9/16,0.551
2020/9/17,0.539
2020/9/18,0.533
2020/9/19,0.528
2020/9/20,0.52
2020/9/21,0.52
2020/9/22,0.522
2020/9/23,0.548
2020/9/24,0.572
2020/9/25,0.539
2020/9/26,0.513
2020/9/27,0.5
2020/9/28,0.5
2020/9/29,0.502
2020/9/30,0.52
2020/10/1,0.564
2020/10/2,0.937
2020/10/3,1.45
2020/10/4,1.74
2020/10/5,1.22
2020/10/6,1.02
2020/10/7,0.904
2020/10/8,0.828
2020/10/9,0.769
2020/10/10,0.727
2020/10/11,0.699
2020/10/12,0.703
2020/10/13,0.704
2020/10/14,0.673
2020/10/15,0.651
2020/10/16,0.628
2020/10/17,0.622
2020/10/18,0.618
2020/10/19,0.617
2020/10/20,0.624
2020/10/21,0.781
2020/10/22,0.753
2020/10/23,0.699
2020/10/24,1.06
2020/10/25,1.86
2020/10/26,0.974
2020/10/27,0.935
2020/10/28,0.899
2020/10/29,0.852
2020/10/30,0.83
2020/10/31,1.28
2020/11/1,1.37
2020/11/2,1.13
2020/11/3,1.14
2020/11/4,0.94
2020/11/5,0.866
2020/11/6,0.826
2020/11/7,0.803
2020/11/8,0.786
2020/11/9,0.8
2020/11/10,0.825
2020/11/11,0.844
2020/11/12,0.951
2020/11/13,0.851
2020/11/14,1.92
2020/11/15,2.43
2020/11/16,1.57
2020/11/17,1.14
2020/11/18,1.02
2020/11/19,0.945
2020/11/20,0.925
2020/11/21,0.91
2020/11/22,0.88
2020/11/23,0.861
2020/11/24,0.858
2020/11/25,0.852
2020/11/26,0.835
2020/11/27,0.811
2020/11/28,0.797
2020/11/29,0.784
2020/11/30,0.772
2020/12/1,0.765
2020/12/2,0.763
2020/12/3,0.854
2020/12/4,0.866
2020/12/5,1.26
2020/12/6,0.93
2020/12/7,0.826
2020/12/8,0.802
2020/12/9,0.788
2020/12/10,0.798
2020/12/11,0.861
2020/12/12,0.813
2020/12/13,0.941
2020/12/14,1.29
2020/12/15,1.1
2020/12/16,1.17
2020/12/17,1.18
2020/12/18,1.3
2020/12/19,1.91
2020/12/20,1.59
2020/12/21,1.68
2020/12/22,1.54
2020/12/23,1.43
2020/12/24,1.21
2020/12/25,1.07
2020/12/26,1.07
2020/12/27,1.79
2020/12/28,1.97
2020/12/29,1.8
2020/12/30,1.29
2020/12/31,1.2
2021/1/1,1.16
2021/1/2,1.15
2021/1/3,1.14
2021/1/4,1.12
2021/1/5,1.11
2021/1/6,1.1
2021/1/7,1.09
2021/1/8,1.08
2021/1/9,1.06
2021/1/10,1.05
2021/1/11,1.05
2021/1/12,1.1
2021/1/13,1.1
2021/1/14,1.1
2021/1/15,1.09
2021/1/16,1.16
2021/1/17,1.08
2021/1/18,1.07
2021/1/19,1.29
2021/1/20,2.61
2021/1/21,2.19
2021/1/22,1.43
2021/1/23,1.24
2021/1/24,1.23
2021/1/25,1.17
2021/1/26,1.14
2021/1/27,1.17
2021/1/28,1.5
2021/1/29,1.78
2021/1/30,1.91
2021/1/31,1.67
2021/2/1,1.41
2021/2/2,1.62
2021/2/3,1.7
2021/2/4,1.62
2021/2/5,1.9
2021/2/6,1.68
2021/2/7,1.43
2021/2/8,1.33
2021/2/9,1.28
2021/2/10,1.26
2021/2/11,1.23
2021/2/12,1.22
2021/2/13,1.22
2021/2/14,1.32
2021/2/15,1.84
2021/2/16,1.68
2021/2/17,1.76
2021/2/18,1.95
2021/2/19,1.58
2021/2/20,1.5
2021/2/21,1.48
2021/2/22,1.42
2021/2/23,1.39
2021/2/24,1.32
2021/2/25,1.28
2021/2/26,1.25
2021/2/27,1.23
2021/2/28,1.22
2021/3/1,1.21
2021/3/2,1.2
2021/3/3,1.21
2021/3/4,1.22
2021/3/5,1.19
2021/3/6,1.17
2021/3/7,1.15
2021/3/8,1.15
2021/3/9,1.14
2021/3/10,1.19
2021/3/11,1.2
2021/3/12,1.24
2021/3/13,1.36
2021/3/14,1.21
2021/3/15,1.17
2021/3/16,1.12
2021/3/17,1.1
2021/3/18,1.08
2021/3/19,1.07
2021/3/20,1.06
2021/3/21,1.05
2021/3/22,1.03
2021/3/23,1.02
2021/3/24,1.02
2021/3/25,1.02
2021/3/26,1.05
2021/3/27,1.04
2021/3/28,1
2021/3/29,0.976
2021/3/30,0.957
2021/3/31,0.955
2021/4/1,0.939
2021/4/2,0.919
2021/4/3,0.909
2021/4/4,0.905
2021/4/5,0.89
2021/4/6,0.881
2021/4/7,0.872
2021/4/8,0.874
2021/4/9,0.872
2021/4/10,0.869
2021/4/11,0.863
2021/4/12,0.843
2021/4/13,0.836
2021/4/14,0.83
2021/4/15,0.815
2021/4/16,0.804
2021/4/17,0.797
2021/4/18,0.795
2021/4/19,0.789
2021/4/20,0.785
2021/4/21,0.772
2021/4/22,0.761
2021/4/23,0.749
2021/4/24,0.736
2021/4/25,0.728
2021/4/26,0.725
2021/4/27,0.729
2021/4/28,0.755
2021/4/29,0.787
2021/4/30,0.772
2021/5/1,0.769
2021/5/2,0.754
2021/5/3,0.774
2021/5/4,0.784
2021/5/5,0.748
2021/5/6,0.73
2021/5/7,0.718
2021/5/8,0.83
2021/5/9,0.807
2021/5/10,0.786
2021/5/11,0.768
2021/5/12,0.751
2021/5/13,0.741
2021/5/14,0.739
2021/5/15,0.762
2021/5/16,0.884
2021/5/17,0.935
2021/5/18,0.888
2021/5/19,0.906
2021/5/20,0.879
2021/5/21,0.863
2021/5/22,0.857
2021/5/23,0.892
2021/5/24,1.05
2021/5/25,1.01
2021/5/26,0.934
2021/5/27,0.883
2021/5/28,0.853
2021/5/29,0.831
2021/5/30,0.818
2021/5/31,0.809
2021/6/1,0.797
2021/6/2,0.797
2021/6/3,0.797
2021/6/4,0.8
2021/6/5,0.798
2021/6/6,0.801
2021/6/7,0.802
2021/6/8,0.796
2021/6/9,0.778
2021/6/10,0.789
2021/6/11,0.79
2021/6/12,0.777
2021/6/13,0.772
2021/6/14,0.765
2021/6/15,0.775
2021/6/16,0.791
2021/6/17,0.837
2021/6/18,1.23
2021/6/19,1.09
2021/6/20,0.994
2021/6/21,1.02
2021/6/22,0.982
2021/6/23,0.904
2021/6/24,0.869
2021/6/25,0.852
2021/6/26,0.832
2021/6/27,0.888
2021/6/28,1.19
2021/6/29,1.01
2021/6/30,0.927
2021/7/1,0.886
2021/7/2,0.881
2021/7/3,0.872
2021/7/4,0.876
2021/7/5,0.937
2021/7/6,1.23
2021/7/7,1.06
2021/7/8,0.973
2021/7/9,0.94
2021/7/10,0.923
2021/7/11,0.934
2021/7/12,1.05
2021/7/13,0.992
2021/7/14,0.928
2021/7/15,0.889
2021/7/16,0.868
2021/7/17,0.846
2021/7/18,0.84
2021/7/19,0.819
2021/7/20,0.814
2021/7/21,0.797
2021/7/22,0.795
2021/7/23,0.796
2021/7/24,0.905
2021/7/25,0.848
2021/7/26,0.817
2021/7/27,0.841
2021/7/28,0.861
2021/7/29,0.876
2021/7/30,0.843
2021/7/31,0.834
2021/8/1,0.843
2021/8/2,0.892
2021/8/3,0.866
2021/8/4,0.833
2021/8/5,0.84
2021/8/6,0.844
2021/8/7,0.827
2021/8/8,0.843
2021/8/9,0.94
2021/8/10,0.908
2021/8/11,0.858
2021/8/12,0.837
2021/8/13,0.821
2021/8/14,0.81
2021/8/15,0.798
2021/8/16,0.784
2021/8/17,0.78
2021/8/18,0.781
2021/8/19,0.784
2021/8/20,0.802
2021/8/21,0.807
2021/8/22,0.793
2021/8/23,0.785
2021/8/24,0.778
2021/8/25,0.764
2021/8/26,0.748
2021/8/27,0.713
2021/8/28,0.699
2021/8/29,0.693
2021/8/30,0.685
2021/8/31,0.684
2021/9/1,0.673
2021/9/2,0.672
2021/9/3,0.668
2021/9/4,0.662
2021/9/5,0.658
2021/9/6,0.647
2021/9/7,0.638
2021/9/8,0.633
2021/9/9,0.646
2021/9/10,0.658
2021/9/11,0.651
2021/9/12,0.643
2021/9/13,0.639
2021/9/14,0.65
2021/9/15,0.647
2021/9/16,0.631
2021/9/17,0.625
2021/9/18,0.61
2021/9/19,0.598
2021/9/20,0.585
2021/9/21,0.574
2021/9/22,0.572
2021/9/23,0.566
2021/9/24,0.559
2021/9/25,0.554
2021/9/26,0.557
2021/9/27,0.585
2021/9/28,0.662
2021/9/29,0.695
2021/9/30,0.651
2021/10/1,0.663
2021/10/2,0.966
2021/10/3,0.919
2021/10/4,0.846
2021/10/5,1.12
2021/10/6,0.789
2021/10/7,0.722
2021/10/8,0.686
2021/10/9,0.661
2021/10/10,0.642
2021/10/11,0.624
2021/10/12,0.613
2021/10/13,0.606
2021/10/14,0.596
2021/10/15,0.589
2021/10/16,0.585
2021/10/17,0.579
2021/10/18,0.589
2021/10/19,0.651
2021/10/20,1.13
2021/10/21,1.29
2021/10/22,0.854
2021/10/23,0.75
2021/10/24,0.703
2021/10/25,0.692
2021/10/26,0.661
2021/10/27,0.65
2021/10/28,0.641
2021/10/29,0.757
2021/10/30,0.835
2021/10/31,1.3
2021/11/1,1.11
2021/11/2,0.82
2021/11/3,0.761
2021/11/4,0.72
2021/11/5,0.7
2021/11/6,0.688
2021/11/7,0.674
2021/11/8,0.67
2021/11/9,0.662
2021/11/10,0.657
2021/11/11,0.656
2021/11/12,0.663
2021/11/13,0.652
2021/11/14,0.643
2021/11/15,0.636
2021/11/16,0.639
2021/11/17,0.633
2021/11/18,0.628
2021/11/19,0.625
2021/11/20,0.621
2021/11/21,0.609
2021/11/22,0.6
2021/11/23,0.596
2021/11/24,0.57
2021/11/25,0.564
2021/11/26,0.564
2021/11/27,0.566
2021/11/28,0.559
2021/11/29,0.558
2021/11/30,0.555
2021/12/1,0.56
2021/12/2,0.565
2021/12/3,0.584
2021/12/4,0.582
2021/12/5,0.567
2021/12/6,0.584
2021/12/7,0.782
2021/12/8,0.698
2021/12/9,0.645
2021/12/10,0.686
2021/12/11,0.625
2021/12/12,0.608
2021/12/13,0.592
2021/12/14,0.584
2021/12/15,0.575
2021/12/16,0.566
2021/12/17,0.555
2021/12/18,0.555
2021/12/19,0.55
2021/12/20,0.544
2021/12/21,0.544
2021/12/22,0.544
2021/12/23,0.548
2021/12/24,0.562
2021/12/25,0.639
2021/12/26,0.98
2021/12/27,0.968
2021/12/28,1.11
2021/12/29,1.13
2021/12/30,0.878
2021/12/31,0.845
2022/1/1,0.736
2022/1/2,0.713
2022/1/3,0.684
2022/1/4,0.652
2022/1/5,0.628
2022/1/6,0.635
2022/1/7,0.657
2022/1/8,0.923
2022/1/9,0.917
2022/1/10,0.7
2022/1/11,0.679
2022/1/12,0.662
2022/1/13,0.651
2022/1/14,0.642
2022/1/15,0.634
2022/1/16,0.625
2022/1/17,0.612
2022/1/18,0.608
2022/1/19,0.608
2022/1/20,0.598
2022/1/21,0.596
2022/1/22,0.598
2022/1/23,0.591
2022/1/24,0.59
2022/1/25,0.588
2022/1/26,0.587
2022/1/27,0.583
2022/1/28,0.581
2022/1/29,0.577
2022/1/30,0.578
2022/1/31,0.573
2022/2/1,0.57
2022/2/2,0.566
2022/2/3,0.568
2022/2/4,0.573
2022/2/5,0.574
2022/2/6,0.597
2022/2/7,0.587
2022/2/8,0.57
2022/2/9,0.564
2022/2/10,0.558
2022/2/11,0.557
2022/2/12,0.555
2022/2/13,0.809
2022/2/14,1.14
2022/2/15,0.811
2022/2/16,0.76
2022/2/17,0.691
2022/2/18,0.831
2022/2/19,0.748
2022/2/20,0.728
2022/2/21,0.716
2022/2/22,0.676
2022/2/23,0.661
2022/2/24,0.712
2022/2/25,0.676
2022/2/26,0.66
2022/2/27,0.647
2022/2/28,0.661
2022/3/1,0.842
2022/3/2,1.31
2022/3/3,0.863
2022/3/4,0.774
2022/3/5,0.73
2022/3/6,0.703
2022/3/7,0.694
2022/3/8,0.689
2022/3/9,0.677
2022/3/10,0.673
2022/3/11,0.758
2022/3/12,0.903
2022/3/13,1.29
2022/3/14,0.875
2022/3/15,0.798
2022/3/16,1.16
2022/3/17,1.33
2022/3/18,0.919
2022/3/19,0.831
2022/3/20,0.794
2022/3/21,0.77
2022/3/22,0.758
2022/3/23,0.747
2022/3/24,0.948
2022/3/25,1.01
2022/3/26,1.01
2022/3/27,1
2022/3/28,1.01
2022/3/29,1.02
2022/3/30,1.01
2022/3/31,1.01
2022/4/1,0.997
2022/4/2,0.989
2022/4/3,0.986
2022/4/4,1
2022/4/5,0.998
2022/4/6,1.02
2022/4/7,1.09
2022/4/8,1.05
2022/4/9,1.03
2022/4/10,1.01
2022/4/11,1.01
2022/4/12,1.01
2022/4/13,0.992
2022/4/14,0.982
2022/4/15,0.968
2022/4/16,0.962
2022/4/17,0.956
2022/4/18,0.95
2022/4/19,0.944
2022/4/20,0.933
2022/4/21,0.924
2022/4/22,0.919
2022/4/23,0.909
2022/4/24,0.9
2022/4/25,0.894
2022/4/26,0.884
2022/4/27,0.881
2022/4/28,0.883
2022/4/29,0.877
2022/4/30,0.876
2022/5/1,0.878
2022/5/2,0.885
2022/5/3,0.881
2022/5/4,0.871
2022/5/5,0.861
2022/5/6,0.855
2022/5/7,0.852
2022/5/8,0.844
2022/5/9,0.845
2022/5/10,0.854
2022/5/11,0.875
2022/5/12,0.874
2022/5/13,0.85
2022/5/14,0.851
2022/5/15,0.909
2022/5/16,0.955
2022/5/17,0.916
2022/5/18,0.896
2022/5/19,0.884
2022/5/20,0.884
2022/5/21,0.878
2022/5/22,0.866
2022/5/23,0.869
2022/5/24,0.877
2022/5/25,0.874
2022/5/26,0.866
2022/5/27,0.851
2022/5/28,0.835
2022/5/29,0.844
2022/5/30,0.87
2022/5/31,0.884
2022/6/1,0.863
2022/6/2,0.851
2022/6/3,0.839
2022/6/4,0.838
2022/6/5,0.873
2022/6/6,0.902
2022/6/7,0.898
2022/6/8,0.878
2022/6/9,0.865
2022/6/10,0.858
2022/6/11,0.846
2022/6/12,0.835
2022/6/13,0.837
2022/6/14,0.846
2022/6/15,0.834
2022/6/16,0.821
2022/6/17,0.818
2022/6/18,0.821
2022/6/19,0.831
2022/6/20,0.835
2022/6/21,0.818
2022/6/22,0.807
2022/6/23,0.826
2022/6/24,0.849
2022/6/25,0.861
2022/6/26,0.864
2022/6/27,0.879
2022/6/28,0.855
2022/6/29,0.841
2022/6/30,0.858
2022/7/1,0.852
2022/7/2,0.86
2022/7/3,0.878
2022/7/4,0.866
2022/7/5,0.864
2022/7/6,0.865
2022/7/7,0.861
2022/7/8,0.853
2022/7/9,0.841
2022/7/10,0.83
2022/7/11,0.802
2022/7/12,0.8
2022/7/13,0.796
2022/7/14,0.789
2022/7/15,0.78
2022/7/16,0.788
2022/7/17,0.784
2022/7/18,0.783
2022/7/19,0.788
2022/7/20,0.785
2022/7/21,0.785
2022/7/22,0.795
2022/7/23,0.745
2022/7/24,0.703
2022/7/25,0.681
2022/7/26,0.682
2022/7/27,0.682
2022/7/28,0.675
2022/7/29,0.659
2022/7/30,0.656
2022/7/31,0.661
2022/8/1,0.655
2022/8/2,0.653
2022/8/3,0.658
2022/8/4,0.65
2022/8/5,0.624
2022/8/6,0.629
2022/8/7,0.628
2022/8/8,0.625
2022/8/9,0.616
2022/8/10,0.613
2022/8/11,0.607
2022/8/12,0.603
2022/8/13,0.595
2022/8/14,0.603
2022/8/15,0.608
2022/8/16,0.658
2022/8/17,0.693
2022/8/18,0.681
2022/8/19,0.662
2022/8/20,0.658
2022/8/21,0.658
2022/8/22,0.674
2022/8/23,0.694
2022/8/24,0.69
2022/8/25,0.704
2022/8/26,0.705
2022/8/27,0.689
2022/8/28,0.673
2022/8/29,0.659
2022/8/30,0.65
2022/8/31,0.64
2022/9/1,0.635
2022/9/2,0.64
2022/9/3,0.657
2022/9/4,0.66
2022/9/5,0.684
2022/9/6,0.726
2022/9/7,0.769
2022/9/8,0.823
2022/9/9,0.823
2022/9/10,0.76
2022/9/11,0.723
2022/9/12,0.701
2022/9/13,0.708
2022/9/14,0.721
2022/9/15,0.704
2022/9/16,0.684
2022/9/17,0.67
2022/9/18,0.663
2022/9/19,0.663
2022/9/20,0.66
2022/9/21,
